-- phpMyAdmin SQL Dump
-- version 4.6.6deb5
-- https://www.phpmyadmin.net/
--
-- Host: localhost:3306
-- Generation Time: Feb 14, 2019 at 08:45 PM
-- Server version: 5.7.24-0ubuntu0.18.04.1
-- PHP Version: 7.2.10-0ubuntu0.18.04.1

SET SQL_MODE = "NO_AUTO_VALUE_ON_ZERO";
SET time_zone = "+00:00";


/*!40101 SET @OLD_CHARACTER_SET_CLIENT=@@CHARACTER_SET_CLIENT */;
/*!40101 SET @OLD_CHARACTER_SET_RESULTS=@@CHARACTER_SET_RESULTS */;
/*!40101 SET @OLD_COLLATION_CONNECTION=@@COLLATION_CONNECTION */;
/*!40101 SET NAMES utf8mb4 */;

--
-- Database: `gpcpalakkad`
--

-- --------------------------------------------------------

--
-- Table structure for table `department`
--

CREATE TABLE `department` (
  `departmentid` int(11) NOT NULL,
  `departmentname` varchar(50) NOT NULL,
  `hod` int(11) NOT NULL
) ENGINE=MyISAM DEFAULT CHARSET=latin1;

--
-- Dumping data for table `department`
--

INSERT INTO `department` (`departmentid`, `departmentname`, `hod`) VALUES
(1, 'Civil Engineering', 0),
(2, 'Computer Hardware Engineering', 0),
(3, 'Electronics Engineering', 0),
(4, 'Electrical and Electronics Engineering', 0),
(5, 'Instrumentation Engineering', 0),
(6, 'Mechanical Engineering', 0),
(7, 'Workshop', 0),
(8, 'Applied Science lab', 0),
(9, 'Library', 0),
(10, 'Co-op Society', 0),
(11, 'Physical education', 0),
(12, 'NSS', 0),
(13, 'NCC', 0);

-- --------------------------------------------------------

--
-- Table structure for table `rec_bundle_record`
--

CREATE TABLE `rec_bundle_record` (
  `recordid` int(11) NOT NULL,
  `bundlenumber` int(11) NOT NULL
) ENGINE=InnoDB DEFAULT CHARSET=latin1;

-- --------------------------------------------------------

--
-- Stand-in structure for view `rec_details`
-- (See below for the actual view)
--
CREATE TABLE `rec_details` (
`id` int(11)
,`filenumber` int(11)
,`year` int(11)
,`section` varchar(5)
,`subject` varchar(100)
,`date` date
,`name` varchar(100)
,`tag` text
);

-- --------------------------------------------------------

--
-- Table structure for table `rec_location_master`
--

CREATE TABLE `rec_location_master` (
  `bundle_number` int(11) NOT NULL,
  `location` varchar(20) NOT NULL
) ENGINE=InnoDB DEFAULT CHARSET=latin1;

-- --------------------------------------------------------

--
-- Table structure for table `rec_person`
--

CREATE TABLE `rec_person` (
  `id` int(11) NOT NULL,
  `name` varchar(100) NOT NULL
) ENGINE=InnoDB DEFAULT CHARSET=latin1;

-- --------------------------------------------------------

--
-- Table structure for table `rec_record_master`
--

CREATE TABLE `rec_record_master` (
  `id` int(11) NOT NULL,
  `section` varchar(5) NOT NULL,
  `filenumber` int(11) NOT NULL,
  `year` int(11) NOT NULL,
  `subject` varchar(100) NOT NULL,
  `personid` int(11) DEFAULT NULL,
  `category` varchar(20) NOT NULL,
  `pages` int(11) NOT NULL,
  `ddate` date NOT NULL,
  `enteredby` int(11) NOT NULL,
  `inserttime` timestamp NOT NULL DEFAULT CURRENT_TIMESTAMP
) ENGINE=InnoDB DEFAULT CHARSET=latin1;

-- --------------------------------------------------------

--
-- Table structure for table `rec_tags`
--

CREATE TABLE `rec_tags` (
  `recordid` int(11) NOT NULL,
  `tag` varchar(40) NOT NULL
) ENGINE=InnoDB DEFAULT CHARSET=latin1;

-- --------------------------------------------------------

--
-- Table structure for table `student`
--

CREATE TABLE `student` (
  `admissionno` varchar(11) NOT NULL,
  `gender` enum('M','F','T') NOT NULL,
  `name` varchar(50) NOT NULL,
  `regno` int(20) DEFAULT NULL,
  `departmentid` int(11) NOT NULL,
  `email` text,
  `mobile` varchar(15) DEFAULT NULL,
  `batch` int(11) NOT NULL DEFAULT '1' COMMENT '1 regular 2 evening',
  `passoutyear` int(11) NOT NULL,
  `guardianname` varchar(50) NOT NULL,
  `parentmobile` varchar(15) DEFAULT NULL,
  `address` longtext,
  `bloodgroup` varchar(7) DEFAULT NULL
) ENGINE=MyISAM DEFAULT CHARSET=latin1;

--
-- Dumping data for table `student`
--

INSERT INTO `student` (`admissionno`, `gender`, `name`, `regno`, `departmentid`, `email`, `mobile`, `batch`, `passoutyear`, `guardianname`, `parentmobile`, `address`, `bloodgroup`) VALUES
('10022', 'M', 'Abdul Shiyas.C', 0, 1, NULL, '', 1, 2018, '', '9497626987', 'PANDAVATH HOUSE, PALAKKAYAM PO, PALAKKAD', ''),
('9881', 'M', 'Abijith.S', NULL, 1, NULL, NULL, 1, 2018, '', NULL, NULL, NULL),
('9872', 'M', 'Ajmal Shameem.V', NULL, 1, NULL, NULL, 1, 2018, '', NULL, NULL, NULL),
('9792', 'M', 'Akshara.K.P', NULL, 1, NULL, NULL, 1, 2018, '', NULL, NULL, NULL),
('9738', 'M', 'Althaf Roshan.K.A', NULL, 1, NULL, NULL, 1, 2018, '', NULL, NULL, NULL),
('9842', 'M', 'Anjali.V', NULL, 1, NULL, NULL, 1, 2018, '', NULL, NULL, NULL),
('9938', 'M', 'Anoop.K.M', NULL, 1, NULL, NULL, 1, 2018, '', NULL, NULL, NULL),
('10077', 'M', 'Anoop.K.V (NCC)', NULL, 1, NULL, NULL, 1, 2018, '', NULL, NULL, NULL),
('9768', 'M', 'Anoop.R', NULL, 1, NULL, NULL, 1, 2018, '', NULL, NULL, NULL),
('9749', 'M', 'Anshad.S', NULL, 1, NULL, NULL, 1, 2018, '', NULL, NULL, NULL),
('9854', 'M', 'Arun.A', NULL, 1, NULL, NULL, 1, 2018, '', NULL, NULL, NULL),
('9857', 'M', 'Arya.M', NULL, 1, NULL, NULL, 1, 2018, '', NULL, NULL, NULL),
('9889', 'M', 'Aswathy.K', NULL, 1, NULL, NULL, 1, 2018, '', NULL, NULL, NULL),
('9878', 'M', 'Athira.B', NULL, 1, NULL, NULL, 1, 2018, '', NULL, NULL, NULL),
('9827', 'M', 'Athira.K.R', NULL, 1, NULL, NULL, 1, 2018, '', NULL, NULL, NULL),
('9871', 'M', 'Athira.P', NULL, 1, NULL, NULL, 1, 2018, '', NULL, NULL, NULL),
('9967', 'M', 'Binisha.B', NULL, 1, NULL, NULL, 1, 2018, '', NULL, NULL, NULL),
('10082', 'M', 'Divya.P.P', NULL, 1, NULL, NULL, 1, 2018, '', NULL, NULL, NULL),
('9831', 'M', 'Greeshma.P.H', NULL, 1, NULL, NULL, 1, 2018, '', NULL, NULL, NULL),
('9805', 'M', 'Greeshma.R', NULL, 1, NULL, NULL, 1, 2018, '', NULL, NULL, NULL),
('10060', 'M', 'Jasir.M', NULL, 1, NULL, NULL, 1, 2018, '', NULL, NULL, NULL),
('9859', 'M', 'Jini.C.Jayan', NULL, 1, NULL, NULL, 1, 2018, '', NULL, NULL, NULL),
('9775', 'M', 'Jithin.K', NULL, 1, NULL, NULL, 1, 2018, '', NULL, NULL, NULL),
('9804', 'M', 'Krishnan.C', NULL, 1, NULL, NULL, 1, 2018, '', NULL, NULL, NULL),
('9741', 'M', 'Krishnaprasad.K', NULL, 1, NULL, NULL, 1, 2018, '', NULL, NULL, NULL),
('10049', 'M', 'Manu Samson.S', NULL, 1, NULL, NULL, 1, 2018, '', NULL, NULL, NULL),
('9910', 'M', 'Midhun.M', NULL, 1, NULL, NULL, 1, 2018, '', NULL, NULL, NULL),
('10040', 'M', 'Midhun.R', NULL, 1, NULL, NULL, 1, 2018, '', NULL, NULL, NULL),
('9825', 'M', 'Mini Mol.P.K', NULL, 1, NULL, NULL, 1, 2018, '', NULL, NULL, NULL),
('9892', 'M', 'Mithra.K.M', NULL, 1, NULL, NULL, 1, 2018, '', NULL, NULL, NULL),
('9888', 'M', 'Muhammed Aslam.O.K', NULL, 1, NULL, NULL, 1, 2018, '', NULL, NULL, NULL),
('9765', 'M', 'Nimal Krishnan', NULL, 1, NULL, NULL, 1, 2018, '', NULL, NULL, NULL),
('9887', 'M', 'Pavithra.T.S', NULL, 1, NULL, NULL, 1, 2018, '', NULL, NULL, NULL),
('9852', 'M', 'Prajith.K.P', NULL, 1, NULL, NULL, 1, 2018, '', NULL, NULL, NULL),
('10000', 'M', 'Prasobh.M', NULL, 1, NULL, NULL, 1, 2018, '', NULL, NULL, NULL),
('10009', 'M', 'Praveen.K', NULL, 1, NULL, NULL, 1, 2018, '', NULL, NULL, NULL),
('9810', 'M', 'Priyanka.M', NULL, 1, NULL, NULL, 1, 2018, '', NULL, NULL, NULL),
('9865', 'M', 'R.Rajeesh', NULL, 1, NULL, NULL, 1, 2018, '', NULL, NULL, NULL),
('10052', 'M', 'Rajendran.R', NULL, 1, NULL, NULL, 1, 2018, '', NULL, NULL, NULL),
('9976', 'M', 'Rakesh.S', NULL, 1, NULL, NULL, 1, 2018, '', NULL, NULL, NULL),
('10050', 'M', 'Roshan Babu', NULL, 1, NULL, NULL, 1, 2018, '', NULL, NULL, NULL),
('9779', 'M', 'Safeer Ali.C.K', NULL, 1, NULL, NULL, 1, 2018, '', NULL, NULL, NULL),
('9772', 'M', 'Sanjay.P', NULL, 1, NULL, NULL, 1, 2018, '', NULL, NULL, NULL),
('9874', 'M', 'Sanu Shifin', NULL, 1, NULL, NULL, 1, 2018, '', NULL, NULL, NULL),
('9789', 'M', 'Sarath.M.R', NULL, 1, NULL, NULL, 1, 2018, '', NULL, NULL, NULL),
('9864', 'M', 'Satheesh.R', NULL, 1, NULL, NULL, 1, 2018, '', NULL, NULL, NULL),
('9826', 'M', 'Sithara.R', NULL, 1, NULL, NULL, 1, 2018, '', NULL, NULL, NULL),
('9915', 'M', 'Sreega.S', NULL, 1, NULL, NULL, 1, 2018, '', NULL, NULL, NULL),
('9697', 'M', 'Sreejith.S', NULL, 1, NULL, NULL, 1, 2018, '', NULL, NULL, NULL),
('10016', 'M', 'Sreevalsan.C.S', NULL, 1, NULL, NULL, 1, 2018, '', NULL, NULL, NULL),
('9979', 'M', 'Sujith.E.S', NULL, 1, NULL, NULL, 1, 2018, '', NULL, NULL, NULL),
('9833', 'M', 'Thottakkara Rohit Devan Sahadevan', NULL, 1, NULL, NULL, 1, 2018, '', NULL, NULL, NULL),
('9753', 'M', 'Varsha.K', NULL, 1, NULL, NULL, 1, 2018, '', NULL, NULL, NULL),
('9876', 'M', 'Vibhash.K.V', NULL, 1, NULL, NULL, 1, 2018, '', NULL, NULL, NULL),
('9863', 'M', 'Vijeesh.V', NULL, 1, NULL, NULL, 1, 2018, '', NULL, NULL, NULL),
('9856', 'M', 'Vindhuja.K.J', NULL, 1, NULL, NULL, 1, 2018, '', NULL, NULL, NULL),
('9776', 'M', 'Vinod.V', NULL, 1, NULL, NULL, 1, 2018, '', NULL, NULL, NULL),
('9721', 'M', 'Vishnu.K', NULL, 1, NULL, NULL, 1, 2018, '', NULL, NULL, NULL),
('10100', 'M', 'Ahalya.R', NULL, 2, NULL, NULL, 1, 2018, '', NULL, NULL, NULL),
('9987', 'M', 'Ahamed Rasiq.N', NULL, 2, NULL, NULL, 1, 2018, '', NULL, NULL, NULL),
('9995', 'M', 'Aiswarya.B', NULL, 2, NULL, NULL, 1, 2018, '', NULL, NULL, NULL),
('10103', 'M', 'Ajith.N.S', NULL, 2, NULL, NULL, 1, 2018, '', NULL, NULL, NULL),
('9822', 'M', 'Ajith.V', NULL, 2, NULL, NULL, 1, 2018, '', NULL, NULL, NULL),
('9924', 'M', 'Akhil Krishna.T', NULL, 2, NULL, NULL, 1, 2018, '', NULL, NULL, NULL),
('9974', 'M', 'Akhil.V', NULL, 2, NULL, NULL, 1, 2018, '', NULL, NULL, NULL),
('10024', 'M', 'Akshay Kumar.S', NULL, 2, NULL, NULL, 1, 2018, '', NULL, NULL, NULL),
('9817', 'M', 'Akshay.M', NULL, 2, NULL, NULL, 1, 2018, '', NULL, NULL, NULL),
('10111', 'M', 'Alfin Rajan.K', NULL, 2, NULL, NULL, 1, 2018, '', NULL, NULL, NULL),
('10039', 'M', 'Amal.M', NULL, 2, NULL, NULL, 1, 2018, '', NULL, NULL, NULL),
('10070', 'M', 'Anjali.M.C', NULL, 2, NULL, NULL, 1, 2018, '', NULL, NULL, NULL),
('9923', 'M', 'Anjana.A', NULL, 2, NULL, NULL, 1, 2018, '', NULL, NULL, NULL),
('10051', 'M', 'Arjun.A.C', NULL, 2, NULL, NULL, 1, 2018, '', NULL, NULL, NULL),
('9944', 'M', 'Asha.U', NULL, 2, NULL, NULL, 1, 2018, '', NULL, NULL, NULL),
('10038', 'M', 'Aswagosh.A', NULL, 2, NULL, NULL, 1, 2018, '', NULL, NULL, NULL),
('9939', 'M', 'Aswany.K', NULL, 2, NULL, NULL, 1, 2018, '', NULL, NULL, NULL),
('10005', 'M', 'Aswathy.E', NULL, 2, NULL, NULL, 1, 2018, '', NULL, NULL, NULL),
('10086', 'M', 'HariHaran.S', NULL, 2, NULL, NULL, 1, 2018, '', NULL, NULL, NULL),
('9978', 'M', 'Ibrahim Badusha.K', NULL, 2, NULL, NULL, 1, 2018, '', NULL, NULL, NULL),
('9991', 'M', 'Jeeshma.A.P', NULL, 2, NULL, NULL, 1, 2018, '', NULL, NULL, NULL),
('10101', 'M', 'Jinsha.K.C', NULL, 2, NULL, NULL, 1, 2018, '', NULL, NULL, NULL),
('10104', 'M', 'Jishnu.V', NULL, 2, NULL, NULL, 1, 2018, '', NULL, NULL, NULL),
('9996', 'M', 'Krepesh.B', NULL, 2, NULL, NULL, 1, 2018, '', NULL, NULL, NULL),
('10073', 'M', 'Madeena.J', NULL, 2, NULL, NULL, 1, 2018, '', NULL, NULL, NULL),
('10069', 'M', 'Maneesha.M', NULL, 2, NULL, NULL, 1, 2018, '', NULL, NULL, NULL),
('9936', 'M', 'Megha Laurance', NULL, 2, NULL, NULL, 1, 2018, '', NULL, NULL, NULL),
('9926', 'M', 'Muhammed Ameer.T.S', NULL, 2, NULL, NULL, 1, 2018, '', NULL, NULL, NULL),
('10008', 'M', 'Muhammedashiq.M.S', NULL, 2, NULL, NULL, 1, 2018, '', NULL, NULL, NULL),
('10002', 'M', 'Nijeesh.N.V', NULL, 2, NULL, NULL, 1, 2018, '', NULL, NULL, NULL),
('10021', 'M', 'Nikhil Thankappan', NULL, 2, NULL, NULL, 1, 2018, '', NULL, NULL, NULL),
('10006', 'M', 'Nishana.S', NULL, 2, NULL, NULL, 1, 2018, '', NULL, NULL, NULL),
('10058', 'M', 'Paul Jaison.P', NULL, 2, NULL, NULL, 1, 2018, '', NULL, NULL, NULL),
('9744', 'M', 'Pradeep.V', NULL, 2, NULL, NULL, 1, 2018, '', NULL, NULL, NULL),
('10011', 'M', 'Prasanth.P', NULL, 2, NULL, NULL, 1, 2018, '', NULL, NULL, NULL),
('10012', 'M', 'Praveena.S', NULL, 2, NULL, NULL, 1, 2018, '', NULL, NULL, NULL),
('10048', 'M', 'Rahul.R', NULL, 2, NULL, NULL, 1, 2018, '', NULL, NULL, NULL),
('10110', 'M', 'Rahul.R', NULL, 2, NULL, NULL, 1, 2018, '', NULL, NULL, NULL),
('10074', 'M', 'Rajeesh.R', NULL, 2, NULL, NULL, 1, 2018, '', NULL, NULL, NULL),
('9980', 'M', 'Rajisha.R', NULL, 2, NULL, NULL, 1, 2018, '', NULL, NULL, NULL),
('10042', 'M', 'Ramkumar.R', NULL, 2, NULL, NULL, 1, 2018, '', NULL, NULL, NULL),
('9982', 'M', 'Ranjith.E.K', NULL, 2, NULL, NULL, 1, 2018, '', NULL, NULL, NULL),
('10093', 'M', 'Rohith J Menon', NULL, 2, NULL, NULL, 1, 2018, '', NULL, NULL, NULL),
('10007', 'M', 'Sadiq Nediyengal', NULL, 2, NULL, NULL, 1, 2018, '', NULL, NULL, NULL),
('10117', 'M', 'Sainudheen.S', NULL, 2, NULL, NULL, 1, 2018, '', NULL, NULL, NULL),
('9849', 'M', 'Shilpadas.P', NULL, 2, NULL, NULL, 1, 2018, '', NULL, NULL, NULL),
('10114', 'M', 'Sinooj.A.S', NULL, 2, NULL, NULL, 1, 2018, '', NULL, NULL, NULL),
('9942', 'M', 'Sruthi Venugopal.P', NULL, 2, NULL, NULL, 1, 2018, '', NULL, NULL, NULL),
('9975', 'M', 'Sruthi.S', NULL, 2, NULL, NULL, 1, 2018, '', NULL, NULL, NULL),
('10081', 'M', 'Sruthi.S', NULL, 2, NULL, NULL, 1, 2018, '', NULL, NULL, NULL),
('10029', 'M', 'Sudheesh.V', NULL, 2, NULL, NULL, 1, 2018, '', NULL, NULL, NULL),
('10064', 'M', 'Sujith.N', NULL, 2, NULL, NULL, 1, 2018, '', NULL, NULL, NULL),
('10023', 'M', 'Sumin Das.V.R', NULL, 2, NULL, NULL, 1, 2018, '', NULL, NULL, NULL),
('10115', 'M', 'Suni.T.P', NULL, 2, NULL, NULL, 1, 2018, '', NULL, NULL, NULL),
('10072', 'M', 'Vignesh.K', NULL, 2, NULL, NULL, 1, 2018, '', NULL, NULL, NULL),
('10113', 'M', 'Vineeth.P', NULL, 2, NULL, NULL, 1, 2018, '', NULL, NULL, NULL),
('9999', 'M', 'Vipin.A.V', NULL, 2, NULL, NULL, 1, 2018, '', NULL, NULL, NULL),
('10105', 'M', 'Vipin.C', NULL, 2, NULL, NULL, 1, 2018, '', NULL, NULL, NULL),
('10046', 'M', 'Vishnu.M', NULL, 2, NULL, NULL, 1, 2018, '', NULL, NULL, NULL),
('9962', 'M', 'Vismaya.K.M', NULL, 2, NULL, NULL, 1, 2018, '', NULL, NULL, NULL),
('10112', 'M', 'Vivek.R', NULL, 2, NULL, NULL, 1, 2018, '', NULL, NULL, NULL),
('9907', 'M', 'Abhijith.C', NULL, 3, NULL, NULL, 1, 2018, '', NULL, NULL, NULL),
('10032', 'M', 'Abishek.E.V', NULL, 3, NULL, NULL, 1, 2018, '', NULL, NULL, NULL),
('9928', 'M', 'Aiswarya.S', NULL, 3, NULL, NULL, 1, 2018, '', NULL, NULL, NULL),
('9901', 'M', 'Ajay Krishna.K.M', NULL, 3, NULL, NULL, 1, 2018, '', NULL, NULL, NULL),
('9722', 'M', 'Ajeesh.G', NULL, 3, NULL, NULL, 1, 2018, '', NULL, NULL, NULL),
('10004', 'M', 'Akash.A', NULL, 3, NULL, NULL, 1, 2018, '', NULL, NULL, NULL),
('9946', 'M', 'Akhil Dev.K', NULL, 3, NULL, NULL, 1, 2018, '', NULL, NULL, NULL),
('10108', 'M', 'Akhil.K.A', NULL, 3, NULL, NULL, 1, 2018, '', NULL, NULL, NULL),
('10094', 'M', 'Akhilesh.P.B', NULL, 3, NULL, NULL, 1, 2018, '', NULL, NULL, NULL),
('10003', 'M', 'Akshay.C.N', NULL, 3, NULL, NULL, 1, 2018, '', NULL, NULL, NULL),
('10099', 'M', 'Akshay.T.R', NULL, 3, NULL, NULL, 1, 2018, '', NULL, NULL, NULL),
('9935', 'M', 'Anil.E.M', NULL, 3, NULL, NULL, 1, 2018, '', NULL, NULL, NULL),
('9971', 'M', 'Anisha.C.A', NULL, 3, NULL, NULL, 1, 2018, '', NULL, NULL, NULL),
('10066', 'M', 'Aravind.P', NULL, 3, NULL, NULL, 1, 2018, '', NULL, NULL, NULL),
('10107', 'M', 'Bharath Nath.C.B', NULL, 3, NULL, NULL, 1, 2018, '', NULL, NULL, NULL),
('10067', 'M', 'Dhakshina.C', NULL, 3, NULL, NULL, 1, 2018, '', NULL, NULL, NULL),
('10095', 'M', 'Dhanesh.K.R', NULL, 3, NULL, NULL, 1, 2018, '', NULL, NULL, NULL),
('10061', 'M', 'Drisya.T', NULL, 3, NULL, NULL, 1, 2018, '', NULL, NULL, NULL),
('9961', 'M', 'Fazeek.A', NULL, 3, NULL, NULL, 1, 2018, '', NULL, NULL, NULL),
('10054', 'M', 'Firozshafi.P.F', NULL, 3, NULL, NULL, 1, 2018, '', NULL, NULL, NULL),
('9957', 'M', 'Ginesh.T.N', NULL, 3, NULL, NULL, 1, 2018, '', NULL, NULL, NULL),
('9906', 'M', 'Greeshma.K.V', NULL, 3, NULL, NULL, 1, 2018, '', NULL, NULL, NULL),
('9977', 'M', 'Gurudasan.C', NULL, 3, NULL, NULL, 1, 2018, '', NULL, NULL, NULL),
('10098', 'M', 'Haritha Vinod', NULL, 3, NULL, NULL, 1, 2018, '', NULL, NULL, NULL),
('10047', 'M', 'Indrajith.K.C', NULL, 3, NULL, NULL, 1, 2018, '', NULL, NULL, NULL),
('9851', 'M', 'Jisha.J', NULL, 3, NULL, NULL, 1, 2018, '', NULL, NULL, NULL),
('9920', 'M', 'Karthik.P.U', NULL, 3, NULL, NULL, 1, 2018, '', NULL, NULL, NULL),
('9952', 'M', 'Krishnaprasad.V', NULL, 3, NULL, NULL, 1, 2018, '', NULL, NULL, NULL),
('10063', 'M', 'Krishnathulasi.P', NULL, 3, NULL, NULL, 1, 2018, '', NULL, NULL, NULL),
('9984', 'M', 'Lavanya.L', NULL, 3, NULL, NULL, 1, 2018, '', NULL, NULL, NULL),
('9931', 'M', 'Mahesh.K.M', NULL, 3, NULL, NULL, 1, 2018, '', NULL, NULL, NULL),
('9986', 'M', 'Manikandan.A', NULL, 3, NULL, NULL, 1, 2018, '', NULL, NULL, NULL),
('9706', 'M', 'Manikandan.R', NULL, 3, NULL, NULL, 1, 2018, '', NULL, NULL, NULL),
('9778', 'M', 'Maya.M', NULL, 3, NULL, NULL, 1, 2018, '', NULL, NULL, NULL),
('10013', 'M', 'Midhunvishnu.V', NULL, 3, NULL, NULL, 1, 2018, '', NULL, NULL, NULL),
('10116', 'M', 'Mohammed Salih.K', NULL, 3, NULL, NULL, 1, 2018, '', NULL, NULL, NULL),
('9897', 'M', 'Monika.P.M', NULL, 3, NULL, NULL, 1, 2018, '', NULL, NULL, NULL),
('9909', 'M', 'Muhammed Haris.H', NULL, 3, NULL, NULL, 1, 2018, '', NULL, NULL, NULL),
('9755', 'M', 'Nandana.S', NULL, 3, NULL, NULL, 1, 2018, '', NULL, NULL, NULL),
('9742', 'M', 'Naveen.K.N', NULL, 3, NULL, NULL, 1, 2018, '', NULL, NULL, NULL),
('9943', 'M', 'Nikesh.C.R', NULL, 3, NULL, NULL, 1, 2018, '', NULL, NULL, NULL),
('9875', 'M', 'Nikhil Raj.S', NULL, 3, NULL, NULL, 1, 2018, '', NULL, NULL, NULL),
('10097', 'M', 'Pravith.D', NULL, 3, NULL, NULL, 1, 2018, '', NULL, NULL, NULL),
('10078', 'M', 'Ragesh.T (NCC)', NULL, 3, NULL, NULL, 1, 2018, '', NULL, NULL, NULL),
('9955', 'M', 'Ranjith.S', NULL, 3, NULL, NULL, 1, 2018, '', NULL, NULL, NULL),
('10045', 'M', 'Ranju.C', NULL, 3, NULL, NULL, 1, 2018, '', NULL, NULL, NULL),
('9843', 'M', 'Rehna.R', NULL, 3, NULL, NULL, 1, 2018, '', NULL, NULL, NULL),
('9828', 'M', 'Rijesh.R', NULL, 3, NULL, NULL, 1, 2018, '', NULL, NULL, NULL),
('9752', 'M', 'Rishika.U', NULL, 3, NULL, NULL, 1, 2018, '', NULL, NULL, NULL),
('10106', 'M', 'Salman Faris.H', NULL, 3, NULL, NULL, 1, 2018, '', NULL, NULL, NULL),
('10020', 'M', 'Sanoopkumar.S', NULL, 3, NULL, NULL, 1, 2018, '', NULL, NULL, NULL),
('9929', 'M', 'Sathyanarayanan.M.B', NULL, 3, NULL, NULL, 1, 2018, '', NULL, NULL, NULL),
('10102', 'M', 'Shahida.K.P', NULL, 3, NULL, NULL, 1, 2018, '', NULL, NULL, NULL),
('9918', 'M', 'Sreenadh.M', NULL, 3, NULL, NULL, 1, 2018, '', NULL, NULL, NULL),
('9990', 'M', 'Sribin.A', NULL, 3, NULL, NULL, 1, 2018, '', NULL, NULL, NULL),
('10071', 'M', 'Sudheesh.S', NULL, 3, NULL, NULL, 1, 2018, '', NULL, NULL, NULL),
('9948', 'M', 'Thushara.R', NULL, 3, NULL, NULL, 1, 2018, '', NULL, NULL, NULL),
('9899', 'M', 'Vaisakh.A', NULL, 3, NULL, NULL, 1, 2018, '', NULL, NULL, NULL),
('10037', 'M', 'Vaishak Ravichandran', NULL, 3, NULL, NULL, 1, 2018, '', NULL, NULL, NULL),
('9912', 'M', 'Vaishnavy.S', NULL, 3, NULL, NULL, 1, 2018, '', NULL, NULL, NULL),
('9993', 'M', 'Vijitha.M.T', NULL, 3, NULL, NULL, 1, 2018, '', NULL, NULL, NULL),
('9896', 'M', 'Vishnu.C', NULL, 3, NULL, NULL, 1, 2018, '', NULL, NULL, NULL),
('9951', 'M', 'Vishnu.M', NULL, 3, NULL, NULL, 1, 2018, '', NULL, NULL, NULL),
('10119', 'M', 'Aswathy.G', NULL, 3, NULL, NULL, 1, 2018, '', NULL, NULL, NULL),
('9836', 'M', 'Abhijith.M.P', NULL, 4, NULL, NULL, 1, 2018, '', NULL, NULL, NULL),
('9867', 'M', 'Abhiraj.T.R', NULL, 4, NULL, NULL, 1, 2018, '', NULL, NULL, NULL),
('9807', 'M', 'Ajay Krishna.P', NULL, 4, NULL, NULL, 1, 2018, '', NULL, NULL, NULL),
('9802', 'M', 'Ajay.K.S', NULL, 4, NULL, NULL, 1, 2018, '', NULL, NULL, NULL),
('9862', 'M', 'Ajith.R.K', NULL, 4, NULL, NULL, 1, 2018, '', NULL, NULL, NULL),
('9799', 'M', 'Akhil.M', NULL, 4, NULL, NULL, 1, 2018, '', NULL, NULL, NULL),
('9965', 'M', 'Anand.B', NULL, 4, NULL, NULL, 1, 2018, '', NULL, NULL, NULL),
('9883', 'M', 'Aparna.M', NULL, 4, NULL, NULL, 1, 2018, '', NULL, NULL, NULL),
('9830', 'M', 'Aruna Priya.R', NULL, 4, NULL, NULL, 1, 2018, '', NULL, NULL, NULL),
('9885', 'M', 'Ashik.A', NULL, 4, NULL, NULL, 1, 2018, '', NULL, NULL, NULL),
('9981', 'M', 'Athira Selvan.S', NULL, 4, NULL, NULL, 1, 2018, '', NULL, NULL, NULL),
('9895', 'M', 'Athul.M', NULL, 4, NULL, NULL, 1, 2018, '', NULL, NULL, NULL),
('9748', 'M', 'Babitha.A', NULL, 4, NULL, NULL, 1, 2018, '', NULL, NULL, NULL),
('9824', 'M', 'Biju Narayanan.K', NULL, 4, NULL, NULL, 1, 2018, '', NULL, NULL, NULL),
('9820', 'M', 'Bineesh.M.H', NULL, 4, NULL, NULL, 1, 2018, '', NULL, NULL, NULL),
('9699', 'M', 'Divin.P', NULL, 4, NULL, NULL, 1, 2018, '', NULL, NULL, NULL),
('9773', 'M', 'Drisya.V', NULL, 4, NULL, NULL, 1, 2018, '', NULL, NULL, NULL),
('10120', 'M', 'Durgaprasad.K.S', NULL, 4, NULL, NULL, 1, 2018, '', NULL, NULL, NULL),
('9727', 'M', 'Favas.B.M', NULL, 4, NULL, NULL, 1, 2018, '', NULL, NULL, NULL),
('9850', 'M', 'Gireesh.K.G', NULL, 4, NULL, NULL, 1, 2018, '', NULL, NULL, NULL),
('9774', 'M', 'Hareesh.M', NULL, 4, NULL, NULL, 1, 2018, '', NULL, NULL, NULL),
('9756', 'M', 'Harishma.H', NULL, 4, NULL, NULL, 1, 2018, '', NULL, NULL, NULL),
('9819', 'M', 'Karthikraj.R', NULL, 4, NULL, NULL, 1, 2018, '', NULL, NULL, NULL),
('9808', 'M', 'Latheefer.S', NULL, 4, NULL, NULL, 1, 2018, '', NULL, NULL, NULL),
('10079', 'M', 'Madhavadas.K ', NULL, 4, NULL, NULL, 1, 2018, '', NULL, NULL, NULL),
('9855', 'M', 'Midhun.M.B', NULL, 4, NULL, NULL, 1, 2018, '', NULL, NULL, NULL),
('9835', 'M', 'Midhuna.M', NULL, 4, NULL, NULL, 1, 2018, '', NULL, NULL, NULL),
('9796', 'M', 'Mridula.D', NULL, 4, NULL, NULL, 1, 2018, '', NULL, NULL, NULL),
('9890', 'M', 'Muhammed Faizal.P.T', NULL, 4, NULL, NULL, 1, 2018, '', NULL, NULL, NULL),
('9908', 'M', 'Muhammed Safeeq.P', NULL, 4, NULL, NULL, 1, 2018, '', NULL, NULL, NULL),
('9900', 'M', 'Nidhin Raj.N', NULL, 4, NULL, NULL, 1, 2018, '', NULL, NULL, NULL),
('9884', 'M', 'Nithin.B', NULL, 4, NULL, NULL, 1, 2018, '', NULL, NULL, NULL),
('9793', 'M', 'Prajeesh.R', NULL, 4, NULL, NULL, 1, 2018, '', NULL, NULL, NULL),
('9800', 'M', 'Prasanth.K', NULL, 4, NULL, NULL, 1, 2018, '', NULL, NULL, NULL),
('9758', 'M', 'Pratheesh.A.P', NULL, 4, NULL, NULL, 1, 2018, '', NULL, NULL, NULL),
('9716', 'M', 'Prathyas.S', NULL, 4, NULL, NULL, 1, 2018, '', NULL, NULL, NULL),
('9782', 'M', 'Praveen.M', NULL, 4, NULL, NULL, 1, 2018, '', NULL, NULL, NULL),
('9880', 'M', 'Praveen.M', NULL, 4, NULL, NULL, 1, 2018, '', NULL, NULL, NULL),
('9781', 'M', 'Radhik.K.R', NULL, 4, NULL, NULL, 1, 2018, '', NULL, NULL, NULL),
('9786', 'M', 'Rahul.B', NULL, 4, NULL, NULL, 1, 2018, '', NULL, NULL, NULL),
('9791', 'M', 'Rajildas.V', NULL, 4, NULL, NULL, 1, 2018, '', NULL, NULL, NULL),
('9877', 'M', 'Ranjith J Menon', NULL, 4, NULL, NULL, 1, 2018, '', NULL, NULL, NULL),
('9816', 'M', 'Ranjitha.P.R', NULL, 4, NULL, NULL, 1, 2018, '', NULL, NULL, NULL),
('9714', 'M', 'Ravi.T.S', NULL, 4, NULL, NULL, 1, 2018, '', NULL, NULL, NULL),
('9844', 'M', 'Sajeera.S', NULL, 4, NULL, NULL, 1, 2018, '', NULL, NULL, NULL),
('9698', 'M', 'Sarath.N', NULL, 4, NULL, NULL, 1, 2018, '', NULL, NULL, NULL),
('9905', 'M', 'Sarath.S', NULL, 4, NULL, NULL, 1, 2018, '', NULL, NULL, NULL),
('9821', 'M', 'SHAGAL JOSEPH', NULL, 4, NULL, NULL, 1, 2018, '', NULL, NULL, NULL),
('10092', 'M', 'Shajeer.N', NULL, 4, NULL, NULL, 1, 2018, '', NULL, NULL, NULL),
('9848', 'M', 'Shajitha.S', NULL, 4, NULL, NULL, 1, 2018, '', NULL, NULL, NULL),
('9845', 'M', 'Shemeena.S.H', NULL, 4, NULL, NULL, 1, 2018, '', NULL, NULL, NULL),
('9740', 'M', 'Shyju.J', NULL, 4, NULL, NULL, 1, 2018, '', NULL, NULL, NULL),
('9806', 'M', 'Sujiraj.P', NULL, 4, NULL, NULL, 1, 2018, '', NULL, NULL, NULL),
('9886', 'M', 'Vaishnav.M', NULL, 4, NULL, NULL, 1, 2018, '', NULL, NULL, NULL),
('9751', 'M', 'Varun Dev.V', NULL, 4, NULL, NULL, 1, 2018, '', NULL, NULL, NULL),
('9746', 'M', 'Vidya.B', NULL, 4, NULL, NULL, 1, 2018, '', NULL, NULL, NULL),
('9882', 'M', 'Visanth.V', NULL, 4, NULL, NULL, 1, 2018, '', NULL, NULL, NULL),
('10089', 'M', 'Vishnu.V', NULL, 4, NULL, NULL, 1, 2018, '', NULL, NULL, NULL),
('9950', 'M', 'Vysakh.S', NULL, 4, NULL, NULL, 1, 2018, '', NULL, NULL, NULL),
('10028', 'M', 'Aiswarya.K', NULL, 5, NULL, NULL, 1, 2018, '', NULL, NULL, NULL),
('9705', 'M', 'Ajay.J', NULL, 5, NULL, NULL, 1, 2018, '', NULL, NULL, NULL),
('9894', 'M', 'Ajay.V.S', NULL, 5, NULL, NULL, 1, 2018, '', NULL, NULL, NULL),
('9934', 'M', 'Ajith.R', NULL, 5, NULL, NULL, 1, 2018, '', NULL, NULL, NULL),
('9847', 'M', 'Ajithkumar.T.P', NULL, 5, NULL, NULL, 1, 2018, '', NULL, NULL, NULL),
('9933', 'M', 'Aju Ramesh.P', NULL, 5, NULL, NULL, 1, 2018, '', NULL, NULL, NULL),
('9985', 'M', 'Akshay.R', NULL, 5, NULL, NULL, 1, 2018, '', NULL, NULL, NULL),
('9937', 'M', 'Anoop.C.A', NULL, 5, NULL, NULL, 1, 2018, '', NULL, NULL, NULL),
('9932', 'M', 'Ansab.P.M', NULL, 5, NULL, NULL, 1, 2018, '', NULL, NULL, NULL),
('9947', 'M', 'Ansari.K.A', NULL, 5, NULL, NULL, 1, 2018, '', NULL, NULL, NULL),
('9927', 'M', 'Arun.P', NULL, 5, NULL, NULL, 1, 2018, '', NULL, NULL, NULL),
('9919', 'M', 'Benni Samuel', NULL, 5, NULL, NULL, 1, 2018, '', NULL, NULL, NULL),
('9914', 'M', 'Faheem Muhammed.M', NULL, 5, NULL, NULL, 1, 2018, '', NULL, NULL, NULL),
('9728', 'M', 'Francis.P', NULL, 5, NULL, NULL, 1, 2018, '', NULL, NULL, NULL),
('10018', 'M', 'Gopidas.C', NULL, 5, NULL, NULL, 1, 2018, '', NULL, NULL, NULL),
('9917', 'M', 'Jibin.P.S', NULL, 5, NULL, NULL, 1, 2018, '', NULL, NULL, NULL),
('9911', 'M', 'Kiran.M.N', NULL, 5, NULL, NULL, 1, 2018, '', NULL, NULL, NULL),
('9766', 'M', 'Kishore Das.V.P', NULL, 5, NULL, NULL, 1, 2018, '', NULL, NULL, NULL),
('10087', 'M', 'Krishnadas.M', NULL, 5, NULL, NULL, 1, 2018, '', NULL, NULL, NULL),
('9893', 'M', 'Lakshman.P.G', NULL, 5, NULL, NULL, 1, 2018, '', NULL, NULL, NULL),
('10091', 'M', 'Manu.C', NULL, 5, NULL, NULL, 1, 2018, '', NULL, NULL, NULL),
('9757', 'M', 'Midhun Mohan.C', NULL, 5, NULL, NULL, 1, 2018, '', NULL, NULL, NULL),
('9954', 'M', 'Muhamed Shameen.S', NULL, 5, NULL, NULL, 1, 2018, '', NULL, NULL, NULL),
('9958', 'M', 'Muhammed Fayis.P', NULL, 5, NULL, NULL, 1, 2018, '', NULL, NULL, NULL),
('9968', 'M', 'Muhammed Jabir Hussain.K.H', NULL, 5, NULL, NULL, 1, 2018, '', NULL, NULL, NULL),
('9959', 'M', 'Muhammed Rishad.T', NULL, 5, NULL, NULL, 1, 2018, '', NULL, NULL, NULL),
('9941', 'M', 'Muhammed Shafeeq.M', NULL, 5, NULL, NULL, 1, 2018, '', NULL, NULL, NULL),
('10055', 'M', 'Niyas.A.M', NULL, 5, NULL, NULL, 1, 2018, '', NULL, NULL, NULL),
('9956', 'M', 'Rahul.C.V', NULL, 5, NULL, NULL, 1, 2018, '', NULL, NULL, NULL),
('10062', 'M', 'Rahul.P', NULL, 5, NULL, NULL, 1, 2018, '', NULL, NULL, NULL),
('10035', 'M', 'Ranjith Gopal', NULL, 5, NULL, NULL, 1, 2018, '', NULL, NULL, NULL),
('9964', 'M', 'Ranjith.K.R', NULL, 5, NULL, NULL, 1, 2018, '', NULL, NULL, NULL),
('9780', 'M', 'Rashid.U', NULL, 5, NULL, NULL, 1, 2018, '', NULL, NULL, NULL),
('9953', 'M', 'Sabareeesh.K.R', NULL, 5, NULL, NULL, 1, 2018, '', NULL, NULL, NULL),
('9922', 'M', 'Safeer.P', NULL, 5, NULL, NULL, 1, 2018, '', NULL, NULL, NULL),
('9966', 'M', 'Sajeesh.K', NULL, 5, NULL, NULL, 1, 2018, '', NULL, NULL, NULL),
('9963', 'M', 'Sanoop.K', NULL, 5, NULL, NULL, 1, 2018, '', NULL, NULL, NULL),
('10090', 'M', 'Sanoop.P.S', NULL, 5, NULL, NULL, 1, 2018, '', NULL, NULL, NULL),
('9994', 'M', 'Santhosh.K', NULL, 5, NULL, NULL, 1, 2018, '', NULL, NULL, NULL),
('10030', 'M', 'Sarath.T.K', NULL, 5, NULL, NULL, 1, 2018, '', NULL, NULL, NULL),
('9949', 'M', 'Shabeer.B', NULL, 5, NULL, NULL, 1, 2018, '', NULL, NULL, NULL),
('9720', 'M', 'Shaik Muhammed.A', NULL, 5, NULL, NULL, 1, 2018, '', NULL, NULL, NULL),
('9970', 'M', 'Silpa.U', NULL, 5, NULL, NULL, 1, 2018, '', NULL, NULL, NULL),
('10065', 'M', 'Sreejith.B', NULL, 5, NULL, NULL, 1, 2018, '', NULL, NULL, NULL),
('10084', 'M', 'Sreejith.R', NULL, 5, NULL, NULL, 1, 2018, '', NULL, NULL, NULL),
('9992', 'M', 'Sreerag.V.D', NULL, 5, NULL, NULL, 1, 2018, '', NULL, NULL, NULL),
('10096', 'M', 'Sruthy.B.U', NULL, 5, NULL, NULL, 1, 2018, '', NULL, NULL, NULL),
('9903', 'M', 'Sruthy.T', NULL, 5, NULL, NULL, 1, 2018, '', NULL, NULL, NULL),
('9930', 'M', 'Sukesh.T.S', NULL, 5, NULL, NULL, 1, 2018, '', NULL, NULL, NULL),
('9743', 'M', 'Suryakrishna.K.R', NULL, 5, NULL, NULL, 1, 2018, '', NULL, NULL, NULL),
('9733', 'M', 'Syam Krishna.T.J', NULL, 5, NULL, NULL, 1, 2018, '', NULL, NULL, NULL),
('10017', 'M', 'Veena.S', NULL, 5, NULL, NULL, 1, 2018, '', NULL, NULL, NULL),
('10001', 'M', 'Vijay.V', NULL, 5, NULL, NULL, 1, 2018, '', NULL, NULL, NULL),
('10026', 'M', 'Vijith.P.V', NULL, 5, NULL, NULL, 1, 2018, '', NULL, NULL, NULL),
('9921', 'M', 'Vineesh.A', NULL, 5, NULL, NULL, 1, 2018, '', NULL, NULL, NULL),
('9858', 'M', 'Vineeth.V', NULL, 5, NULL, NULL, 1, 2018, '', NULL, NULL, NULL),
('10085', 'M', 'Vipin.C', NULL, 5, NULL, NULL, 1, 2018, '', NULL, NULL, NULL),
('9973', 'M', 'Vishnu.J', NULL, 5, NULL, NULL, 1, 2018, '', NULL, NULL, NULL),
('9940', 'M', 'Vishnu.K.R', NULL, 5, NULL, NULL, 1, 2018, '', NULL, NULL, NULL),
('9983', 'M', 'Vishnu.M', NULL, 5, NULL, NULL, 1, 2018, '', NULL, NULL, NULL),
('9771', 'M', 'Ajeesh.F', NULL, 6, NULL, NULL, 1, 2018, '', NULL, NULL, NULL),
('9700', 'M', 'Akhil.A', NULL, 6, NULL, NULL, 1, 2018, '', NULL, NULL, NULL),
('9723', 'M', 'Akhil.K.R', NULL, 6, NULL, NULL, 1, 2018, '', NULL, NULL, NULL),
('9997', 'M', 'Akhil.M', NULL, 6, NULL, NULL, 1, 2018, '', NULL, NULL, NULL),
('9713', 'M', 'Akshay.K.H', NULL, 6, NULL, NULL, 1, 2018, '', NULL, NULL, NULL),
('9814', 'M', 'Al Basith.K.V', NULL, 6, NULL, NULL, 1, 2018, '', NULL, NULL, NULL),
('9834', 'M', 'Ali Shabeeb.K.K', NULL, 6, NULL, NULL, 1, 2018, '', NULL, NULL, NULL),
('9717', 'M', 'Ameenulashif.M', NULL, 6, NULL, NULL, 1, 2018, '', NULL, NULL, NULL),
('9787', 'M', 'Anand.U', NULL, 6, NULL, NULL, 1, 2018, '', NULL, NULL, NULL),
('9729', 'M', 'Aneesh.U', NULL, 6, NULL, NULL, 1, 2018, '', NULL, NULL, NULL),
('9840', 'M', 'Anoop.M', NULL, 6, NULL, NULL, 1, 2018, '', NULL, NULL, NULL),
('9866', 'M', 'Arun.A', NULL, 6, NULL, NULL, 1, 2018, '', NULL, NULL, NULL),
('10075', 'M', 'Arya.K', NULL, 6, NULL, NULL, 1, 2018, '', NULL, NULL, NULL),
('9702', 'M', 'Aswin.P.N', NULL, 6, NULL, NULL, 1, 2018, '', NULL, NULL, NULL),
('10010', 'M', 'Ayyappadas.K', NULL, 6, NULL, NULL, 1, 2018, '', NULL, NULL, NULL),
('9797', 'M', 'Baiju.K.B', NULL, 6, NULL, NULL, 1, 2018, '', NULL, NULL, NULL),
('9715', 'M', 'Bibin.B', NULL, 6, NULL, NULL, 1, 2018, '', NULL, NULL, NULL),
('9701', 'M', 'Bijeesh.K.B', NULL, 6, NULL, NULL, 1, 2018, '', NULL, NULL, NULL),
('9838', 'M', 'Byju.R', NULL, 6, NULL, NULL, 1, 2018, '', NULL, NULL, NULL),
('9724', 'M', 'Dileep Krishna Saran.P.B', NULL, 6, NULL, NULL, 1, 2018, '', NULL, NULL, NULL),
('9839', 'M', 'Dinaraj.R', NULL, 6, NULL, NULL, 1, 2018, '', NULL, NULL, NULL),
('9725', 'M', 'Fasil.A', NULL, 6, NULL, NULL, 1, 2018, '', NULL, NULL, NULL),
('9704', 'M', 'Girish.R', NULL, 6, NULL, NULL, 1, 2018, '', NULL, NULL, NULL),
('9770', 'M', 'Hareesh.K', NULL, 6, NULL, NULL, 1, 2018, '', NULL, NULL, NULL),
('9737', 'M', 'Jayaprakash.M', NULL, 6, NULL, NULL, 1, 2018, '', NULL, NULL, NULL),
('10059', 'M', 'Jijith.J', NULL, 6, NULL, NULL, 1, 2018, '', NULL, NULL, NULL),
('9879', 'M', 'Jishnu R Krishnan', NULL, 6, NULL, NULL, 1, 2018, '', NULL, NULL, NULL),
('9710', 'M', 'Jishnu.S', NULL, 6, NULL, NULL, 1, 2018, '', NULL, NULL, NULL),
('10025', 'M', 'Jithesh.A', NULL, 6, NULL, NULL, 1, 2018, '', NULL, NULL, NULL),
('9718', 'M', 'Krishnaprasad.M', NULL, 6, NULL, NULL, 1, 2018, '', NULL, NULL, NULL),
('9913', 'M', 'Linson Louis', NULL, 6, NULL, NULL, 1, 2018, '', NULL, NULL, NULL),
('9747', 'M', 'Muhammed Mashook.K', NULL, 6, NULL, NULL, 1, 2018, '', NULL, NULL, NULL),
('9860', 'M', 'Muhammed Shibili.K.P', NULL, 6, NULL, NULL, 1, 2018, '', NULL, NULL, NULL),
('9761', 'M', 'Narayanan.M', NULL, 6, NULL, NULL, 1, 2018, '', NULL, NULL, NULL),
('9783', 'M', 'Naveen.R', NULL, 6, NULL, NULL, 1, 2018, '', NULL, NULL, NULL),
('9798', 'M', 'Nithin.V.V', NULL, 6, NULL, NULL, 1, 2018, '', NULL, NULL, NULL),
('10031', 'M', 'Praju.K', NULL, 6, NULL, NULL, 1, 2018, '', NULL, NULL, NULL),
('9795', 'M', 'Praveen.C', NULL, 6, NULL, NULL, 1, 2018, '', NULL, NULL, NULL),
('9788', 'M', 'Praveen.P', NULL, 6, NULL, NULL, 1, 2018, '', NULL, NULL, NULL),
('9711', 'M', 'Rajesh.R', NULL, 6, NULL, NULL, 1, 2018, '', NULL, NULL, NULL),
('9719', 'M', 'Ramalingam.B', NULL, 6, NULL, NULL, 1, 2018, '', NULL, NULL, NULL),
('10015', 'M', 'Sajan.T.V', NULL, 6, NULL, NULL, 1, 2018, '', NULL, NULL, NULL),
('9735', 'M', 'Sajin.K', NULL, 6, NULL, NULL, 1, 2018, '', NULL, NULL, NULL),
('9695', 'M', 'Santhosh Kumar.N', NULL, 6, NULL, NULL, 1, 2018, '', NULL, NULL, NULL),
('9764', 'M', 'Shahanas.S', NULL, 6, NULL, NULL, 1, 2018, '', NULL, NULL, NULL),
('9868', 'M', 'Sonubal.K', NULL, 6, NULL, NULL, 1, 2018, '', NULL, NULL, NULL),
('9870', 'M', 'Soorya.L', NULL, 6, NULL, NULL, 1, 2018, '', NULL, NULL, NULL),
('10036', 'M', 'Sreejith.V.G', NULL, 6, NULL, NULL, 1, 2018, '', NULL, NULL, NULL),
('10118', 'M', 'Sreenath.K.R', NULL, 6, NULL, NULL, 1, 2018, '', NULL, NULL, NULL),
('9794', 'M', 'Sudheesh.G', NULL, 6, NULL, NULL, 1, 2018, '', NULL, NULL, NULL),
('10057', 'M', 'Sujeesh.P.S', NULL, 6, NULL, NULL, 1, 2018, '', NULL, NULL, NULL),
('9846', 'M', 'Sujith.M', NULL, 6, NULL, NULL, 1, 2018, '', NULL, NULL, NULL),
('9777', 'M', 'Sumod.K', NULL, 6, NULL, NULL, 1, 2018, '', NULL, NULL, NULL),
('9829', 'M', 'Vijay Rajan', NULL, 6, NULL, NULL, 1, 2018, '', NULL, NULL, NULL),
('10080', 'M', 'Vineeth.U', NULL, 6, NULL, NULL, 1, 2018, '', NULL, NULL, NULL),
('9712', 'M', 'Vinu.B', NULL, 6, NULL, NULL, 1, 2018, '', NULL, NULL, NULL),
('9809', 'M', 'Vipin.N', NULL, 6, NULL, NULL, 1, 2018, '', NULL, NULL, NULL),
('9736', 'M', 'Visagh.R', NULL, 6, NULL, NULL, 1, 2018, '', NULL, NULL, NULL),
('9837', 'M', 'Visakh.O.V', NULL, 6, NULL, NULL, 1, 2018, '', NULL, NULL, NULL),
('9709', 'M', 'Vishnu.K', NULL, 6, NULL, NULL, 1, 2018, '', NULL, NULL, NULL),
('9696', 'M', 'Vishnu.M.V', NULL, 6, NULL, NULL, 1, 2018, '', NULL, NULL, NULL),
('9739', 'M', 'Vishnu.S', NULL, 6, NULL, NULL, 1, 2018, '', NULL, NULL, NULL),
('9861', 'M', 'Vishnu.V.R', NULL, 6, NULL, NULL, 1, 2018, '', NULL, NULL, NULL),
('9382', 'M', 'Harith.M.P', NULL, 6, NULL, NULL, 1, 2018, '', NULL, NULL, NULL),
('E1', 'M', 'SUDEVAN K', NULL, 1, 'sudevn@gmail.com', '9562664686', 1, 2018, '', NULL, NULL, NULL),
('123', 'M', '', NULL, 1, '', '', 1, 2018, '', NULL, NULL, NULL),
('das', 'M', '', NULL, 1, 'vidhya.srk@gmail.com', '', 1, 2018, '', NULL, NULL, NULL),
('E12345666', 'M', 'VIDHYA S', NULL, 1, '', '', 1, 2018, '', NULL, NULL, NULL),
('E583', 'M', 'AJEESH M', NULL, 6, 'ajeeshmn5@gmail.com', '9567800815', 1, 2018, '', NULL, NULL, NULL),
('590', 'M', 'SHIBU K', NULL, 5, 'shibuk1995@gmail.com', '7736873228', 1, 2018, '', NULL, NULL, NULL),
('E571', 'M', 'HAREESH A', NULL, 6, 'hareeshnair49@gamil.com', '9946750390', 1, 2018, '', NULL, NULL, NULL),
('E599', 'M', 'PRADHEESH P', NULL, 6, 'Pradheeshpk9881@gmail.com', '7293837336', 1, 2018, '', NULL, NULL, NULL),
('E659', 'M', 'NIKHIL.P.S', NULL, 6, 'nikhilps004@gmail.com', '9946730372', 1, 2018, '', NULL, NULL, NULL),
('E420', 'M', 'VISAKH.K', NULL, 6, 'visakhk43@gmail.com', '8137073754', 1, 2018, '', NULL, NULL, NULL),
('E456', 'M', 'JAYARAJ.K', NULL, 6, 'jayarajongallur015161@gmail.com', '9846015161', 1, 2018, '', NULL, NULL, NULL),
('23', 'M', 'SUDEVAN K', NULL, 4, 'sudevank@gmail.com', '9846835257', 1, 2018, '', NULL, NULL, NULL),
('E458', 'M', 'SHAFAR NAVEED.K.S', NULL, 6, 'ksshafarnaveed@gmail.com', '8907936885', 1, 2018, '', NULL, NULL, NULL),
('E635', 'M', 'RAJAPANDIAN N', NULL, 1, 'rajjosher@gmail.com', '9495252457', 1, 2018, '', NULL, NULL, NULL),
('E459', 'M', 'ARUN K R', NULL, 6, 'Arunkr132@gmail.com ', '8089516667', 1, 2018, '', NULL, NULL, NULL),
('E667', 'M', 'AFZAL.H', NULL, 1, NULL, NULL, 1, 2018, '', NULL, NULL, NULL),
('E666', 'M', 'AJITH.V', NULL, 1, NULL, NULL, 1, 2018, '', NULL, NULL, NULL),
('E688', 'M', 'AJOY.A', NULL, 1, NULL, NULL, 1, 2018, '', NULL, NULL, NULL),
('E685', 'M', 'AKHIL.U', NULL, 1, NULL, NULL, 1, 2018, '', NULL, NULL, NULL),
('E637', 'M', 'ARUN.P', NULL, 1, NULL, NULL, 1, 2018, '', NULL, NULL, NULL),
('E664', 'M', 'ASKAR.A', NULL, 1, NULL, NULL, 1, 2018, '', NULL, NULL, NULL),
('E694', 'M', 'BALAKRISHNAN.P.K', NULL, 1, NULL, NULL, 1, 2018, '', NULL, NULL, NULL),
('E663', 'M', 'DILEESH.P.V', NULL, 1, NULL, NULL, 1, 2018, '', NULL, NULL, NULL),
('E586', 'M', 'GANESAN.S', NULL, 1, NULL, NULL, 1, 2018, '', NULL, NULL, NULL),
('E634', 'M', 'GEETHA.R', NULL, 1, NULL, NULL, 1, 2018, '', NULL, NULL, NULL),
('E653', 'M', 'GIRISH.G', NULL, 1, NULL, NULL, 1, 2018, '', NULL, NULL, NULL),
('E577', 'M', 'JIJU. P', NULL, 1, NULL, NULL, 1, 2018, '', NULL, NULL, NULL),
('E584', 'M', 'JISHNU S KUMAR', NULL, 1, NULL, NULL, 1, 2018, '', NULL, NULL, NULL),
('E640', 'M', 'KIRAN.R', NULL, 1, NULL, NULL, 1, 2018, '', NULL, NULL, NULL),
('E581', 'M', 'KRISHNAKUMAR U', NULL, 1, NULL, NULL, 1, 2018, '', NULL, NULL, NULL),
('E642', 'M', 'KUNHIPPA..M.V', NULL, 1, NULL, NULL, 1, 2018, '', NULL, NULL, NULL),
('E652', 'M', 'MADHUSOODHANAN', NULL, 1, NULL, NULL, 1, 2018, '', NULL, NULL, NULL),
('E695', 'M', 'MUKESH.K', NULL, 1, NULL, NULL, 1, 2018, '', NULL, NULL, NULL),
('E689', 'M', 'NAVAS BABU.K.A', NULL, 1, NULL, NULL, 1, 2018, '', NULL, NULL, NULL),
('E582', 'M', 'NITHEESH.N', NULL, 1, NULL, NULL, 1, 2018, '', NULL, NULL, NULL),
('E665', 'M', 'PRAVEEN.G', NULL, 1, NULL, NULL, 1, 2018, '', NULL, NULL, NULL),
('E651', 'M', 'RAHUL RAJ R', NULL, 1, NULL, NULL, 1, 2018, '', NULL, NULL, NULL),
('E683', 'M', 'RAJEEV ALEX', NULL, 1, NULL, NULL, 1, 2018, '', NULL, NULL, NULL),
('E636', 'M', 'RAJEEV P', NULL, 1, NULL, NULL, 1, 2018, '', NULL, NULL, NULL),
('E639', 'M', 'RAMESH KUMAR.J', NULL, 1, NULL, NULL, 1, 2018, '', NULL, NULL, NULL),
('E684', 'M', 'RANJITH.M', NULL, 1, NULL, NULL, 1, 2018, '', NULL, NULL, NULL),
('E691', 'M', 'RASLAN.K.R', NULL, 1, NULL, NULL, 1, 2018, '', NULL, NULL, NULL),
('E641', 'M', 'RATHEESH.K', NULL, 1, NULL, NULL, 1, 2018, '', NULL, NULL, NULL),
('E697', 'M', 'SAJU.K.R', NULL, 1, NULL, NULL, 1, 2018, '', NULL, NULL, NULL),
('E645', 'M', 'SHAJAHAN.P.S', NULL, 1, NULL, NULL, 1, 2018, '', NULL, NULL, NULL),
('E698', 'M', 'SUBHA.P', NULL, 1, NULL, NULL, 1, 2018, '', NULL, NULL, NULL),
('E668', 'M', 'SUDEESH.P', NULL, 1, NULL, NULL, 1, 2018, '', NULL, NULL, NULL),
('E687', 'M', 'SUDHEESH.U.S', NULL, 1, NULL, NULL, 1, 2018, '', NULL, NULL, NULL),
('E648', 'M', 'SUMITH.A', NULL, 1, NULL, NULL, 1, 2018, '', NULL, NULL, NULL),
('E578', 'M', 'TINTOO. K', NULL, 1, NULL, NULL, 1, 2018, '', NULL, NULL, NULL),
('E638', 'M', 'VINOD.K', NULL, 1, NULL, NULL, 1, 2018, '', NULL, NULL, NULL),
('E644', 'M', 'VIPIN.R', NULL, 1, NULL, NULL, 1, 2018, '', NULL, NULL, NULL),
('E686', 'M', 'ZULFIKER ALI.K', NULL, 1, NULL, NULL, 1, 2018, '', NULL, NULL, NULL),
('E696', 'M', 'VINU C ', NULL, 1, NULL, NULL, 1, 2018, '', NULL, NULL, NULL),
('E627', 'M', 'ABDUL BASITH.A', NULL, 5, NULL, NULL, 1, 2018, '', NULL, NULL, NULL),
('E595', 'M', 'ABDUL MANAF.R', NULL, 5, NULL, NULL, 1, 2018, '', NULL, NULL, NULL),
('E646', 'M', 'AHAMMED UKKASH.J', NULL, 5, NULL, NULL, 1, 2018, '', NULL, NULL, NULL),
('E681', 'M', 'AJAY.N.R', NULL, 5, NULL, NULL, 1, 2018, '', NULL, NULL, NULL),
('E678', 'M', 'AJEESH.M', NULL, 5, NULL, NULL, 1, 2018, '', NULL, NULL, NULL),
('E618', 'M', 'AKHIL KRISHNAN', NULL, 5, NULL, NULL, 1, 2018, '', NULL, NULL, NULL),
('E617', 'M', 'AKHILESH.U', NULL, 5, NULL, NULL, 1, 2018, '', NULL, NULL, NULL),
('E632', 'M', 'ASHARAF.M', NULL, 5, NULL, NULL, 1, 2018, '', NULL, NULL, NULL),
('E676', 'M', 'AZIFER.S', NULL, 5, NULL, NULL, 1, 2018, '', NULL, NULL, NULL),
('E589', 'M', 'BIPIN CHANDRAN.B', NULL, 5, NULL, NULL, 1, 2018, '', NULL, NULL, NULL),
('E680', 'M', 'DHANOOP.M', NULL, 5, NULL, NULL, 1, 2018, '', NULL, NULL, NULL),
('E587', 'M', 'FAZIL.M', NULL, 5, NULL, NULL, 1, 2018, '', NULL, NULL, NULL),
('E616', 'M', 'JITHIN.J', NULL, 5, NULL, NULL, 1, 2018, '', NULL, NULL, NULL),
('E650', 'M', 'JITHIN.S', NULL, 5, NULL, NULL, 1, 2018, '', NULL, NULL, NULL),
('E692', 'M', 'MATHEW ABRAHAM', NULL, 5, NULL, NULL, 1, 2018, '', NULL, NULL, NULL),
('E670', 'M', 'MIDHUN.R', NULL, 5, NULL, NULL, 1, 2018, '', NULL, NULL, NULL),
('E682', 'M', 'MOHAMMED ARIF.P.A', NULL, 5, NULL, NULL, 1, 2018, '', NULL, NULL, NULL),
('E672', 'M', 'MUHAMMED RIYAS.V.E', NULL, 5, NULL, NULL, 1, 2018, '', NULL, NULL, NULL),
('E623', 'M', 'MUHAMMED SHAROOQ.M.R', NULL, 5, NULL, NULL, 1, 2018, '', NULL, NULL, NULL),
('E674', 'M', 'NITHIN.R', NULL, 5, NULL, NULL, 1, 2018, '', NULL, NULL, NULL),
('E619', 'M', 'PRADEEP.P', NULL, 5, NULL, NULL, 1, 2018, '', NULL, NULL, NULL),
('E626', 'M', 'RAHUL.C.S', NULL, 5, NULL, NULL, 1, 2018, '', NULL, NULL, NULL),
('E625', 'M', 'RAMESH.R', NULL, 5, NULL, NULL, 1, 2018, '', NULL, NULL, NULL),
('E631', 'M', 'RANJITH.T', NULL, 5, NULL, NULL, 1, 2018, '', NULL, NULL, NULL),
('E677', 'M', 'SAI SAGAR.S', NULL, 5, NULL, NULL, 1, 2018, '', NULL, NULL, NULL),
('E679', 'M', 'SAJITH KUMAR.G', NULL, 5, NULL, NULL, 1, 2018, '', NULL, NULL, NULL),
('E630', 'M', 'SALEEH ALI.K.A', NULL, 5, NULL, NULL, 1, 2018, '', NULL, NULL, NULL),
('E649', 'M', 'SANJU.S', NULL, 5, NULL, NULL, 1, 2018, '', NULL, NULL, NULL),
('E675', 'M', 'SHAFAR ALI.S', NULL, 5, NULL, NULL, 1, 2018, '', NULL, NULL, NULL),
('E621', 'M', 'SHAHEEN.P.N', NULL, 5, NULL, NULL, 1, 2018, '', NULL, NULL, NULL),
('E647', 'M', 'SHAMSUDHEEN.A', NULL, 5, NULL, NULL, 1, 2018, '', NULL, NULL, NULL),
('E590', 'M', 'SHIBU. K', NULL, 5, NULL, NULL, 1, 2018, '', NULL, NULL, NULL),
('E624', 'M', 'SREEJITH.S', NULL, 5, NULL, NULL, 1, 2018, '', NULL, NULL, NULL),
('E671', 'M', 'SUBEER.K', NULL, 5, NULL, NULL, 1, 2018, '', NULL, NULL, NULL),
('E633', 'M', 'SUDHEESH.V', NULL, 5, NULL, NULL, 1, 2018, '', NULL, NULL, NULL),
('E673', 'M', 'SUJITH.K.S', NULL, 5, NULL, NULL, 1, 2018, '', NULL, NULL, NULL),
('E693', 'M', 'SUNIL.K.B', NULL, 5, NULL, NULL, 1, 2018, '', NULL, NULL, NULL),
('E628', 'M', 'THOUFEEQ.A', NULL, 5, NULL, NULL, 1, 2018, '', NULL, NULL, NULL),
('E588', 'M', 'VISHNU.U', NULL, 5, NULL, NULL, 1, 2018, '', NULL, NULL, NULL),
('E594', 'M', 'ABDUL SHAJAHAN.S', NULL, 6, NULL, NULL, 1, 2018, '', NULL, NULL, NULL),
('E605', 'M', 'ABHIN.A.R', NULL, 6, NULL, NULL, 1, 2018, '', NULL, NULL, NULL),
('E658', 'M', 'AKHIL KRISHNA.P', NULL, 6, NULL, NULL, 1, 2018, '', NULL, NULL, NULL),
('E607', 'M', 'AKHILKUMAR.K', NULL, 6, NULL, NULL, 1, 2018, '', NULL, NULL, NULL),
('E573', 'M', 'ANAND. U', NULL, 6, NULL, NULL, 1, 2018, '', NULL, NULL, NULL),
('E656', 'M', 'ANAS.A', NULL, 6, NULL, NULL, 1, 2018, '', NULL, NULL, NULL),
('E604', 'M', 'ANKIT.P', NULL, 6, NULL, NULL, 1, 2018, '', NULL, NULL, NULL),
('E657', 'M', 'ARIF.S', NULL, 6, NULL, NULL, 1, 2018, '', NULL, NULL, NULL),
('E579', 'M', 'ARJUN.P.V', NULL, 6, NULL, NULL, 1, 2018, '', NULL, NULL, NULL),
('E576', 'M', 'ARUN K', NULL, 6, NULL, NULL, 1, 2018, '', NULL, NULL, NULL),
('E615', 'M', 'ARUNKUMAR.A', NULL, 6, NULL, NULL, 1, 2018, '', NULL, NULL, NULL),
('E622', 'M', 'ASHIQ. A', NULL, 6, NULL, NULL, 1, 2018, '', NULL, NULL, NULL),
('E606', 'M', 'ASHISH.P.S', NULL, 6, NULL, NULL, 1, 2018, '', NULL, NULL, NULL),
('E612', 'M', 'DINESH KUMAR.V', NULL, 6, NULL, NULL, 1, 2018, '', NULL, NULL, NULL),
('E566', 'M', 'FASIL RAHMAN N.S', NULL, 6, NULL, NULL, 1, 2018, '', NULL, NULL, NULL),
('E596', 'M', 'GOKUL KUMAR P.G', NULL, 6, NULL, NULL, 1, 2018, '', NULL, NULL, NULL),
('E655', 'M', 'GOVIND KUMAR.N', NULL, 6, NULL, NULL, 1, 2018, '', NULL, NULL, NULL),
('E565', 'M', 'HAREESH.R.', NULL, 6, NULL, NULL, 1, 2018, '', NULL, NULL, NULL),
('E598', 'M', 'JIJITH.C', NULL, 6, NULL, NULL, 1, 2018, '', NULL, NULL, NULL),
('E610', 'M', 'KAILAS. G', NULL, 6, NULL, NULL, 1, 2018, '', NULL, NULL, NULL),
('E580', 'M', 'KAJA HUSSAIN.M.I', NULL, 6, NULL, NULL, 1, 2018, '', NULL, NULL, NULL),
('E572', 'M', 'KRISHNA DAS.V.P', NULL, 6, NULL, NULL, 1, 2018, '', NULL, NULL, NULL),
('E592', 'M', 'KRISHNADAS.C.K', NULL, 6, NULL, NULL, 1, 2018, '', NULL, NULL, NULL),
('E608', 'M', 'KRISHNAKUMAR.P', NULL, 6, NULL, NULL, 1, 2018, '', NULL, NULL, NULL),
('E654', 'M', 'MANOJKUMAR.M', NULL, 6, NULL, NULL, 1, 2018, '', NULL, NULL, NULL),
('E585', 'M', 'MOHAMMED ASHARAF ALI.K', NULL, 6, NULL, NULL, 1, 2018, '', NULL, NULL, NULL),
('E609', 'M', 'MOHAMMED IHSAN.K.I', NULL, 6, NULL, NULL, 1, 2018, '', NULL, NULL, NULL),
('E591', 'M', 'MOHAMMED RASHID.M', NULL, 6, NULL, NULL, 1, 2018, '', NULL, NULL, NULL),
('E660', 'M', 'MUHAMMED ALFAYIZ A.M.', NULL, 6, NULL, NULL, 1, 2018, '', NULL, NULL, NULL),
('E601', 'M', 'NIYAS. S', NULL, 6, NULL, NULL, 1, 2018, '', NULL, NULL, NULL),
('E600', 'M', 'PRADEEP.A.R', NULL, 6, NULL, NULL, 1, 2018, '', NULL, NULL, NULL),
('E574', 'M', 'PRAVEEN KUMAR V.K', NULL, 6, NULL, NULL, 1, 2018, '', NULL, NULL, NULL),
('E614', 'M', 'RAHUL. R', NULL, 6, NULL, NULL, 1, 2018, '', NULL, NULL, NULL),
('E690', 'M', 'RAJITH.M.P', NULL, 6, NULL, NULL, 1, 2018, '', NULL, NULL, NULL),
('E597', 'M', 'RANJITH. R', NULL, 6, NULL, NULL, 1, 2018, '', NULL, NULL, NULL),
('E613', 'M', 'SAJEEV.M.S', NULL, 6, NULL, NULL, 1, 2018, '', NULL, NULL, NULL),
('E662', 'M', 'SHAHAD BABU.N.H', NULL, 6, NULL, NULL, 1, 2018, '', NULL, NULL, NULL),
('E567', 'M', 'SHAJIMON.C', NULL, 6, NULL, NULL, 1, 2018, '', NULL, NULL, NULL),
('E568', 'M', 'SHAMEER.N.M', NULL, 6, NULL, NULL, 1, 2018, '', NULL, NULL, NULL),
('E603', 'M', 'SIJIL.K.V', NULL, 6, NULL, NULL, 1, 2018, '', NULL, NULL, NULL),
('E611', 'M', 'SIJUMOL.K', NULL, 6, NULL, NULL, 1, 2018, '', NULL, NULL, NULL),
('E575', 'M', 'SYAM KRISHNAN U', NULL, 6, NULL, NULL, 1, 2018, '', NULL, NULL, NULL),
('E570', 'M', 'VIJESH M', NULL, 6, NULL, NULL, 1, 2018, '', NULL, NULL, NULL),
('E661', 'M', 'VIJITH.C', NULL, 6, NULL, NULL, 1, 2018, '', NULL, NULL, NULL),
('E569', 'M', 'VINOD. V', NULL, 6, NULL, NULL, 1, 2018, '', NULL, NULL, NULL),
('E602', 'M', 'VINOD. V', NULL, 6, NULL, NULL, 1, 2018, '', NULL, NULL, NULL),
('E620', 'M', 'VISHNU.V.NAIR', NULL, 6, NULL, NULL, 1, 2018, '', NULL, NULL, NULL),
('E593', 'M', 'YOOSUF ALI. M', NULL, 6, NULL, NULL, 1, 2018, '', NULL, NULL, NULL),
('616', 'M', 'JITHIN J', NULL, 5, 'appujithin7@gmail.com', '9995609790', 1, 2018, '', NULL, NULL, NULL),
('537', 'M', '', NULL, 1, '', '', 1, 2018, '', NULL, NULL, NULL),
('676', 'M', 'AZIFER. S', NULL, 5, 'azifer001@gmail.com', '9446351246', 1, 2018, '', NULL, NULL, NULL),
('E381', 'M', 'VINEETH K', NULL, 6, 'NIL', '9744943833', 1, 2018, '', NULL, NULL, NULL),
('11000', 'M', 'ATHUL P MATHEW', 18010579, 1, NULL, '', 1, 2021, 'PETER MATHEW', '9497626987', 'PANDAVATH HOUSE, PALAKKAYAM PO, PALAKKAD', 'o+ve'),
('10999', 'M', 'SARATH. P', NULL, 6, NULL, NULL, 1, 2021, 'PRABHAKARAN', '8156990798', 'VALIYACHALLA, GOVINDAPURAM POST, PALAKKAD', NULL),
('602', 'M', 'VINOD V', NULL, 6, 'vinodyuva123@gmail.com', '8891401094', 1, 2018, '', NULL, NULL, NULL),
('589', 'M', 'BIPIN CHANDRAN B', NULL, 5, 'bipinmkv@gmail.com', '9496444573', 1, 2018, '', NULL, NULL, NULL),
('10998', 'M', 'SUBIN SUNDAR', 18080055, 5, NULL, '9809722306', 1, 2021, 'SUNDARAN', '9526052890', 'KORANDAKALAM, ANDIKUNDU, THENNARI, MANNARKKAD', 'B+'),
('10997', 'M', 'SONU. T.R', 18010609, 1, NULL, '', 1, 2021, 'RAJAN. T.K', '9387997172', 'THARAKAN THODATH HOUSE THOTTUMEDU KARIPPODE P O PALAKKAD DT', 'o+ve'),
('10122', 'M', 'ARJUN R', NULL, 3, 'arjunr904@gmail.com', '8281714810', 1, 2018, '', NULL, NULL, NULL),
('E376', 'M', 'NITHEESH T', NULL, 6, 'Nitheesh1994@gmail.com', '9048981391', 1, 2018, '', NULL, NULL, NULL),
('624', 'M', 'SREEJITH S', NULL, 5, '', '8129691401', 1, 2018, '', NULL, NULL, NULL),
('673', 'M', 'SUJITH K S', NULL, 5, 'sujithksmankurussi.sk@gmail.com', '7403820571', 1, 2018, '', NULL, NULL, NULL),
('698', 'M', 'SUBHA.P', NULL, 1, 'subha murukesan', '8547686971', 1, 2018, '', NULL, NULL, NULL),
('10996', 'M', 'SREENADH . M', 18080054, 5, NULL, '9656577761', 1, 2021, 'SASIDHARAN', '974703637', 'MANCHERY HOUSE,PURANGU PO,MALAPPURAM', 'O+'),
('10995', 'M', 'SOORAJ . S', NULL, 6, NULL, NULL, 1, 2021, 'SURESH KUMAR G', '8281096066', 'THIRUTHIPADAM HOUSE NOCHULLY P O KUZHALMANNAM', NULL),
('10994', 'M', 'RUBBESH B', NULL, 4, NULL, '9072408904', 1, 2021, 'SUNDARI', '9746391522', '1/150 ERATTAKULAM PALAKKAD', 'A +'),
('10884', 'M', 'JINESH.J', NULL, 5, '', '9562547148', 1, 2018, '', NULL, NULL, NULL),
('10727', 'M', 'SURYADAS S', NULL, 5, 'sreejithsurya8921527188@gmail.com', '8921527188', 1, 2018, '', NULL, NULL, NULL),
('9531', 'M', 'AJUMAL.K', NULL, 5, 'ajumalaju413@gmail.com', '9048823739', 1, 2018, '', NULL, NULL, NULL),
('649', 'M', 'SANJU.S', NULL, 5, 'Sanjusankrish74@gmail.com', '9746297932', 1, 2018, '', NULL, NULL, NULL),
('693', 'M', 'SUNIL K B', NULL, 5, 'sunilkb837@gmail.com', '9037196871', 1, 2018, '', NULL, NULL, NULL),
('618', 'M', 'AKHIL KRISHNAN', NULL, 5, 'akhilkrishnan70@gmail.com', '9633269539', 1, 2018, '', NULL, NULL, NULL),
('628', 'M', 'THOUFEEQ A', NULL, 5, 'thoufeeqkukku@gmail.com', '9809489089', 1, 2018, '', NULL, NULL, NULL),
('9689', 'M', 'SARATH.MR', NULL, 1, 'sarathmangalam123@gmail.com', '8281867885', 1, 2018, '', NULL, NULL, NULL),
('592', 'M', 'KRISHNADAS C K', NULL, 6, 'dask1530@gmail.com', '7492923492', 1, 2018, '', NULL, NULL, NULL),
('9310', 'M', 'ABDUL SAMEEH .T', NULL, 2, 'sameehthayyil@hotmail.com', '9496844217', 1, 2018, '', NULL, NULL, NULL),
('6906', 'M', 'SHALU K', NULL, 3, 'shaluk.61@gmail.com', '9061616989', 1, 2018, '', NULL, NULL, NULL),
('10123', 'M', 'KEERTHANA.M', NULL, 3, 'Krishnakeerthanam636@gmail.com', '9061269876', 1, 2018, '', NULL, NULL, NULL),
('10827', 'M', 'SNEHA R', NULL, 2, NULL, 'notgiven', 1, 2020, '', '9745965292', 'POOLAMADA(HO),KANNIMARI(PO),PALAKKAD-678534', 'notgive'),
('10740', 'M', 'PRABIN P', NULL, 2, NULL, '8589965466', 1, 2020, '', '9746069502', 'NONCHAN(HO),THIRUNELLAI,THIRUNELLAI(PO),PALAKKAD', 'B+ve'),
('10830', 'M', 'VIGNESH S', NULL, 2, NULL, '9745564260', 1, 2020, '', '9745564260', 'POTTIMADA,VANNUR,ALATHUR,PALAKKAD', 'B+ve'),
('10837', 'M', 'KRISHNADAS K', NULL, 4, NULL, '9447340610', 1, 2020, '', '9745333278', 'Manapully house,Porayankadu, , Polpully Post, ,Palakkad - 678552', 'A+'),
('10902', 'M', 'SMRUTHI K', NULL, 2, NULL, 'notgiven', 1, 2020, '', '9745270149', 'KOTHAVIL(HO),VELLINEZHI(PO),PALAKKAD-679504', 'O+ve'),
('10903', 'M', 'SYAM PRASAD S', NULL, 2, NULL, '9544929603', 1, 2020, '', '9745176736', 'MALANCHITTY(HO),KUTHANUR(PO),PALAKKAD', 'AB+VE'),
('10758', 'M', 'NITHIN M', NULL, 2, NULL, '7293066132', 1, 2020, '', '9744486435', 'VADAKKANPATTIL(HO),KURUDIKKAD,PUDUSSERY(PO),PALAKKAD-678623', 'O+ve'),
('10924', 'M', 'VIPIN V', NULL, 2, NULL, 'notgiven', 1, 2020, '', '9744103945', 'OLLURPADAM(HO),PALLASSANA(PO),PALAKKAD-678505', 'A+VE'),
('10370', 'M', 'AKHIL B', NULL, 5, NULL, '8606065436', 1, 2020, '', '9744016243', 'Pullampadam, ', 'A+ve'),
('10780', 'M', 'AJKSHAY KRISHNA K', NULL, 2, NULL, '8943677784', 1, 2020, '', '9656893249', 'KRISHNANIVAS(HO),MANNARKKAD VIA,KOTTOPADAM(PO),PALAKKAD-678583', 'notgive'),
('10663', 'M', 'AJITH.P.U', NULL, 4, NULL, 'notgiven', 1, 2020, '', '9656836562', 'PALLUKAVU, ,POOTHAPARAMBU, ,KOTTAYI, ,PALAKKAD-678572', 'A+'),
('10613', 'M', 'BAIJU.K.B', NULL, 5, NULL, '9656798540', 1, 2020, '', '9656788253', 'KALPADAKKAL HOUSE KADAKURISSI KANNADI POST PALAKKAD', 'AB+ve'),
('10676', 'M', 'ASWIN KUMAR. A', NULL, 4, NULL, '8129509271', 1, 2020, '', '9656602951', 'AYAROTTIL(HO),POTTASSERY(PO),POTTASSERY,PALAKKAD,678598', 'O +'),
('10920', 'M', 'SWAROOP K', NULL, 2, NULL, '9809712292', 1, 2020, '', '9656168485', 'CHANDANAPUARAM,CHITTUR(PO),PALAKKAD-678101', 'O+ve'),
('10721', 'M', 'SURAJ K.R', NULL, 2, NULL, '9645150039', 1, 2020, '', '9645832387', 'KALLEMOOCHIKKAL(HO),PARALI,THENUR(PO),PALAKKAD', 'notgive'),
('10756', 'M', 'KAVYARAJ. S', NULL, 4, NULL, 'notgiven', 1, 2020, '', '9645892430', '\"SATHYA\" PUDOOR, ,KODUNTHIRAPULLY P.O.,PALAKKAD-678004', 'B+'),
('10898', 'M', 'ASWINI S', NULL, 3, NULL, '9744897303', 1, 2020, '', '9633920075', 'D/O SIVADASAN.A,7/292 PARAKAL,KUTTIPALAM,NALLEPILLY THEKKEDESAM PO 678553', 'O+ve'),
('10826', 'M', 'SARATH. K', NULL, 5, NULL, '9633796853', 1, 2020, '', '9633796853', 'KUTHANOOR HOUSE , KUMBALAM CHOLA, POTTASERY(PO), PALAKKAD-678598', 'AB+ve'),
('10775', 'M', 'SALMAN. N', NULL, 4, NULL, '9447277423', 1, 2020, '', '9645192329', 'Saliha Manzil,Near HSS Kuthanur, ,Kuthanur(P.O),Palakkad-678721', 'A+'),
('10923', 'M', 'ANIL M.M', NULL, 2, NULL, '9633880377', 1, 2020, '', '9633880377', 'MOOKKUNNIKKAD (HO),MANNUR,MANNUR(PO),PALAKKAD', 'A-VE'),
('10684', 'M', 'RAHUL ROY.C', NULL, 5, NULL, '9633299713', 1, 2020, '', '9633299713', 'MURUKANODE ATHICODE PANAYUR POST PALAKKAD', 'B+ve'),
('10776', 'M', 'MUHAMMED SHABIR M', NULL, 5, NULL, '9809272732', 1, 2020, '', '9605960085', 'CHEMBANTHITTA HOUSE, EDAKKURUSSI, KARIMBA PO, PALAKKAD', 'AB+ve'),
('10829', 'M', 'ARUN.TS', NULL, 3, NULL, '8086895771', 1, 2020, '', '9605705462', 'S/OSREEDHARAN.T,THONIPADATH HOUSE ,THIRUVIZHAMKUNNU ,THIRUVIZHAMKUNNU PO 678601 ', 'B+ve'),
('10542', 'M', 'VISHNU.N', NULL, 3, NULL, '9544052091', 1, 2020, '', '9605276452', 'S/O GOVINDHAN,NJARALATH[H],MALIKUNNU,THIRUVIZHAMKUNNU[PO] 678601', 'B+ve'),
('10657', 'M', 'GOKUL . M . S', NULL, 4, NULL, '9544581439', 1, 2020, '', '9605894137', 'Manamkulam House ,Mankurissi P.O.,Mankara,Palakkad-678613', 'A+'),
('10922', 'M', 'ROHITH N', NULL, 2, NULL, '8089124513', 1, 2020, '', '9605701327', 'SREEDEEPAM(HO),MOZHIKUNNAM,NOCHIPULLY(PO),PALAKKAD', 'notgive'),
('10785', 'M', 'MOHAMMED HANEEFA K', NULL, 3, NULL, '9048296911', 1, 2020, '', '9605424099', 'S/O KAJA HUSSAIN A,ANUMANZIL,CHARAPARAMBU, KODUNTHIRAPULLY PO,PALAKKAD 678004', 'O+ve'),
('10871', 'M', 'ATHIRA K.R', NULL, 2, NULL, '9544013955', 1, 2020, '', '9605276118', 'KIZHAKKETHARA(HO),VANDAZHY,VANDAZHY(PO),PALAKKAD', 'notgive'),
('10793', 'M', 'AKHIL N R', NULL, 4, NULL, '9400709487', 1, 2020, '', '9562478545', 'NAMBIDIKUNNATH(H), ,AKALUR P.O.,OTTAPALAM,PALAKKAD-679302', 'A+'),
('10886', 'M', 'SOWMINI. C', NULL, 5, NULL, '9895784413', 1, 2020, '', '9562705773', 'NIRAPPADAM, PAYYALORE, KOLLENGODE, PALAKKAD', 'O+ve'),
('10760', 'M', 'SOORYADAS H', NULL, 2, NULL, '9745598235', 1, 2020, '', '9562816604', 'KANAKA NIVAS(HO),KADANTHODI,PALLANCHATHANUR(PO),PALAKKAD', 'B+ve'),
('10720', 'M', 'PRAJEESH KRISHNAN M', NULL, 5, NULL, '9567968366', 1, 2020, '', '9567968366', 'MELETHIL HOUSE THRIPPALAMUNDA PARASSERY PO KONGAD PALAKKAD DIST', 'O+ve'),
('10653', 'M', 'ANFARA A.H', NULL, 2, NULL, 'notgiven', 1, 2020, '', '9562287852', 'KUNNATH(HO),AMBALAPARAMBU,PANNIYAMPADAM(PO),PALAKKAD', 'notgive'),
('10836', 'M', 'SAYOOJ T.R', NULL, 2, NULL, 'notgiven', 1, 2020, '', '9544811415', 'THAIKATTUPADI(HO),KOTTAYI,VARODE(PO),PALAKKAD-678572', 'notgive'),
('10801', 'M', 'VISHNU .K.', NULL, 4, NULL, '9562729752', 1, 2020, '', '9562118639', 'KALLINGAL (HO), ,CHETHALLUR (PO), ,CHETHALLUR,PALAKKAD (DT),PIN CODE : 678583', 'O +'),
('10677', 'M', 'BIJOY. T.B', NULL, 4, NULL, '9846890520S', 1, 2020, '', '9544540200', 'MILMA QUATERS,MANTHAKKAD,MALAMPUZHA P.O.,PALAKKAD', 'B+'),
('10834', 'M', 'SARATH A.N', NULL, 3, NULL, '9446475549', 1, 2020, '', '9544553801', 'S/O NARAYANAN,ARAKKAPARAMBIL HO,PIZHALA PO,ERANAKULAM -682027', 'O+ve');
INSERT INTO `student` (`admissionno`, `gender`, `name`, `regno`, `departmentid`, `email`, `mobile`, `batch`, `passoutyear`, `guardianname`, `parentmobile`, `address`, `bloodgroup`) VALUES
('10719', 'M', 'NITHIN G', NULL, 2, NULL, '7025381905', 1, 2020, '', '9544531905', 'KIZHAKKEPARA(HO),VANDAZHY,KIZHAKKETHARA,PALAKKAD', 'notgive'),
('10810', 'M', 'SAIFUDHEEN M.R', NULL, 2, NULL, '8943410378', 1, 2020, '', '9544520297', 'MUSLIYARAKATH(HO),MANNARKKAD VIA,PALLIKUNNU,PALAKKAD-678583', 'notgive'),
('10895', 'M', 'HARIKRISHNAN R', NULL, 2, NULL, '8129118702', 1, 2020, '', '9539735441', 'EANATHI(HO),PUDOOR,KODUNTHIRAPULLY(PO),PALAKKAD', 'O+ve'),
('10639', 'M', 'ANSHAD .J', NULL, 4, NULL, 'notgiven', 1, 2020, '', '9539926196', 'Neithala, ,Erattakulam P.O., ,Para,Elapully, ,Palakkad-678622', 'O +'),
('10678', 'M', 'AKSHAY.K', NULL, 5, NULL, '8848363690', 1, 2020, '', '9544459175', 'KUNNAMKULANGARA HOUSE AYYAPPANKAVU PIRAYIRI POST PALAKKAD', 'B+ve'),
('10744', 'M', 'AKHILA.T.R', NULL, 5, NULL, '9539447889', 1, 2020, '', '9539447889', 'THEKKE VEEDU, KINAVALLUR POST, PARALI, PALAKKAD', 'O+ve'),
('10698', 'M', 'MUHAMMAD SABITH M.', NULL, 4, NULL, '9947852579', 1, 2020, '', '9539232245', 'MANGATHODI, , OTHARODE, ,KOTTAYI POST,PALAKKAD-678572', 'O +'),
('10735', 'M', 'AKASH.V', NULL, 3, NULL, '9605646956', 1, 2020, '', '9526902320', 'S/O RAVI.V,VADAKKUMPURAM HOUSE ,PUNCHAPADAM PO,678633', 'notgive'),
('10565', 'M', 'KIRANDAS. V.M', NULL, 4, NULL, '9809349651', 1, 2020, '', '9526994657', 'VADAKKEVEEDU, ,VADAKKUMPURAM, ,PERINGOTTUKURISSI.P.O., ,PALAKKAD-678574', 'O +'),
('10763', 'M', 'KISHOR K', NULL, 4, NULL, 'notgiven', 1, 2020, '', '9539194044', 'KARTHIKA NIVAS , ,KAIKOTTUKALAM, ,PERUVEMBA POST ,PALAKKAD- 678531', 'A+'),
('10724', 'M', 'PRANAV N', NULL, 2, NULL, '9061785453', 1, 2020, '', '9526618435', 'HARISREE(HO),KONGAD,KONGAD(PO),PALAKKAD', 'B+ve'),
('10824', 'M', 'SUBEENA B', NULL, 2, NULL, 'notgiven', 1, 2020, '', '9526732198', 'EDINJANKODE(HO),KAIRADY,KAITHACHIRA,KAIRADY(PO),PALAKKAD-678510', 'notgive'),
('10616', 'M', 'SIJINI R', NULL, 3, NULL, '9946065526', 1, 2020, '', '9526424836', 'D/O RAJAN V K,SREEVALSAM,PADINJAREKADE CHULLIMADA,KANJIKODE PO PALAKKAD 678621', 'O+ve'),
('10908', 'M', 'NIBIN.M.S', NULL, 4, NULL, 'notgiven', 1, 2020, '', '9497255306', 'MOOSALIPARAMBU, ,ANICODE,CHITTUR P.O., ,PALAKAKD', 'O +'),
('10911', 'M', 'RAZEEN MUHAMMED', NULL, 2, NULL, '9947605758', 1, 2020, '', '9496200436', '22/515,NEHRU COLONY,KALMANDAPAM,KUNNATHURMEDU(PO),PALAKKAD', 'notgive'),
('10588', 'M', 'AJITH. R', NULL, 4, NULL, '8921057876', 1, 2020, '', '9496833188', 'SRICHAITHANYAM, ,RAMANKULAM,PERUVEMBA,PALAKKAD- 678531', 'B+'),
('10743', 'M', 'GOUTHAM.S', NULL, 5, NULL, '8547473516', 1, 2020, '', '9496193516', 'CHIRAKKAD, KUNNATHURMEDU POST, PALAKKAD', 'O+ve'),
('10794', 'M', 'PRASOBH.P.P', NULL, 5, NULL, '9074124253', 1, 2020, '', '9495889211', 'ONATH HOUSE, POOTHAMPULLY, PANAYUR, A THICODE', 'O+ve'),
('10590', 'M', 'PRAJEESH. M.P', NULL, 4, NULL, '9656548149', 1, 2020, '', '9495860249', 'Moolath,Kalpoor, ,Kumaranelloor P.O., ,Kozhokode-673602', 'O +'),
('10892', 'M', 'NITHIN. C', NULL, 5, NULL, '9544391249', 1, 2020, '', '9495875312', 'CHOLAYL HOUSE, MUNDAKKUNNU, KANJIRAPUZ HA, PALAKKAD - 678591', 'O+ve'),
('10779', 'M', 'PRASANTH. K.J', NULL, 5, NULL, '8156898782', 1, 2020, '', '9495450082', 'KAMBAPARAMBIL KATAMPAZHIPURAM POST PALAKKAD', 'B+ve'),
('10544', 'M', 'SILPA.S', NULL, 4, NULL, 'notgiven', 1, 2020, '', '9495572034', 'Kallankkad, ,Vengodi P.O., ,Para ,- Elappully, ,Palakkad', 'A+'),
('10540', 'M', 'VAISAKH. T.V', NULL, 4, NULL, '9037071633', 1, 2020, '', '9495071633', 'THAZHATHUVEETTIL(H), ,AMBALAVATTA,SCHOOLPADI,POTTASSERY,POTTASSERY P.O., ,MANNARKKAD,PALAKKAD-678598', 'O +'),
('10645', 'M', 'ANTU VARGHESE', NULL, 2, NULL, '8301039685', 1, 2020, '', '9447888134', 'EDASSERI(HO),PUTHUKKAD,KARIMBA(PO),PALAKKAD', 'B+ve'),
('10691', 'M', 'SHANTI.S', NULL, 5, NULL, '9447292437', 1, 2020, '', '9447292437', 'SRIKRISHNA BHAVANAM THAYANKAVU THENKURISSI POST PALAKKAD', 'O-ve'),
('10874', 'M', 'SAJAD MON. A', NULL, 5, NULL, '7034359893', 1, 2020, '', '9447020227', 'AYINELLY HOUSE KANDAMANGALAM PO PALAKKAD DIST', 'B-ve'),
('10905', 'M', 'AJITH V', NULL, 2, NULL, '9809811912', 1, 2020, '', '9447086121', 'VATTAPPARA (HO),AMBAZHAKODE,THRIKKALLOOR (PO)-678593,PALAKKAD', 'A+VE'),
('10770', 'M', 'MANUPRASAD. N.M', NULL, 4, NULL, '9400166455', 1, 2020, '', '9446502544', 'NELLIYAMPARAMBU (H), ,RAMPARAMBU, ,PALLANCHATHANUR(POST),PALAKKAD-678571', 'O+'),
('10632', 'M', 'ANOOP M', NULL, 4, NULL, 'notgiven', 1, 2020, '', '9446690484', 'Mannath House,Panayur, ,Athicode, , Palakkad', 'O +'),
('10812', 'M', 'MANU.B', NULL, 3, NULL, '8903526212', 1, 2020, '', '9443202517', 'S/O BABY.P,KUNDUKAD HOUSE,KIZHAKKENCHERRY PO,PALAKAD 678684', 'O+ve'),
('10889', 'M', 'RAHUL E', NULL, 3, NULL, '9447377172', 1, 2020, '', '9400761686', 'S/O RAMAN E,ERIKKENCHERI HOUSE,KARIMPUZHA PO SREEKRISHNAPURAM VIA,PALAKKAD 679513', 'A+ve'),
('10607', 'M', 'PRASANTH M.P', NULL, 2, NULL, '9656200988', 1, 2020, '', '9400797899', 'MAZHILPARAMBIL(HO),MANALOOR,RAMAVARMAPURAM(PO),THRISSUR', 'AB+VE'),
('10909', 'M', 'RAHNA K', NULL, 2, NULL, '9495562102', 1, 2020, '', '9400784785', 'SANKARATHKADU,ERATTIYAL,MARUTHAROAD(PO),PALAKKAD', 'B+ve'),
('10624', 'M', 'AISWARYA. J', NULL, 4, NULL, '7902884467', 1, 2020, '', '9388266112', 'PALANCHERY HOUSE, ,VADAKKETHARA, ,PUDUSSERY P.O., ,PALAKKAD-678623', 'O +'),
('10627', 'M', 'ASHIF ALI . A', NULL, 4, NULL, '8921683170', 1, 2020, '', '9400735367', 'Baithul Noor(H), ,Kuzhiyakkad, ,Kallepully, ,Palakkad ,PALAKKAD-678005', 'O +'),
('10595', 'M', 'HARISHYAM N', NULL, 2, NULL, '8891794452', 1, 2020, '', '9288182603', 'NEDUVANI(HO),VAKKADAPURAM,VAKKADAPURAM(PO),PALAKKAD', 'A+VE'),
('10754', 'M', 'SUDHEESH M S', NULL, 3, NULL, '9947606597', 1, 2020, '', '9287521114', 'S/O SUBHRAMANYAN,MUNDAMPADAM[HOUSE],CHEMPANTHITTA MOONNAKKAR[POST],KARIMBA 678552', 'O+ve'),
('10562', 'M', 'ROHITH P S', NULL, 4, NULL, '9809812212', 1, 2020, '', '9249305198', 'PARAKKAD(H), ,VENOLI, ,PUTHUSSERY (PO), PALAKAD 678623', 'A+'),
('10546', 'M', 'VISHNU.R', NULL, 4, NULL, '9567833126', 1, 2020, '', '9249797290', 'KRISHNAVALLI ILLAM, ,NEAR WATER TANK ,KANJIKODE,PALAKKAD-678621', 'B+'),
('10697', 'M', 'RIDHIN JAYAN', NULL, 4, NULL, 'notgiven', 1, 2020, '', '9072449655', '24/324, ,CHIRAKKAD; ,KUNNATHURMEDU P.O.,PALAKKAD-678001', 'B+'),
('10704', 'M', 'AKHIL N', NULL, 5, NULL, '9645631184', 1, 2020, '', '9061600628', 'NANATH HOUSE KADAKURUSSI KANNADI POST PALAKKAD', 'A+ve'),
('10769', 'M', 'RAHUL P', NULL, 2, NULL, 'notgiven', 1, 2020, '', '9061846177', 'RAMPARAMBU(HO),PALLENCHATHANUR,PALLENCHATHANUR(PO),PALAKKAD', 'notgive'),
('10602', 'M', 'AKHIL.K.M', NULL, 4, NULL, '7909234693', 1, 2020, '', '9061539237', 'KALATHIPARAMBIL(H),KANACHIPARUTHA,KORENCHIRA P.O.,PALAKKAD-678684', 'A+'),
('10849', 'M', 'MUHAMMED ANAS. P', NULL, 5, NULL, '8089866702', 1, 2020, '', '9061415467', 'POOLAKKAL HOUSE, KODUR PO, PULIYATTUKULAM, MALAPPURAM', 'O+ve'),
('10668', 'M', 'ARUN.U', NULL, 4, NULL, '9809337140', 1, 2020, '', '9061419496', 'Kallaikulambu, ,Chittur P.O., ,Palakkad-678101', 'O +'),
('10919', 'M', 'NIKHIL S', NULL, 2, NULL, '9961100549', 1, 2020, '', '9061363648', 'VENNAKODE(HO),KUTHANOOR,KUTHANOOR(PO),PALAKKAD', 'notgive'),
('10813', 'M', 'SRAVAN. P', NULL, 4, NULL, '8593983143', 1, 2020, '', '9048937397', 'PATTALLUR HOUSE, ,ALANALLUR,PALAKKAD ', 'Unavail'),
('10822', 'M', 'ARUN VIJAYAN.K', NULL, 3, NULL, '9400423701', 1, 2020, '', '9061199171', 'S/O VIJAYAN.K,KAIRALI HOUSE ,VIYYAKKURUSSI PO,MANNARKKADU 678593', 'B+ve'),
('10552', 'M', 'ANAS .H', NULL, 5, NULL, '9544134739', 1, 2020, '', '9048795120', 'THARISSIL HOUSE PADINJATTUMURI THEKKEPOTTA PUTHUCODE 678687 PALAKKAD', 'O+ve'),
('10845', 'M', 'RISHAD. A', NULL, 5, NULL, '9544045361', 1, 2020, '', '9048788137', 'ALAYAN HOUSE, KAPPUPARAMBU, THIRUVIZHAMKUNNU P O', 'O+ve'),
('10696', 'M', 'SHINCY S', NULL, 2, NULL, '8086907052', 1, 2020, '', '9048340121', 'MARIYAMUTTAN(HO),ELLAMPATTPANKOVIL,RVP PUDHUR(PO),PALAKKAD', 'AB+VE'),
('10842', 'M', 'RIFNA.K.P', NULL, 4, NULL, '9539025388', 1, 2020, '', '9048238109', 'KOOTHUPARAMBAN HOUSE, ,PILACHOLA, ,UPPUKULAM, ,PALAKKAD-678601', 'A+'),
('10855', 'M', 'SHAFEEQ. U.M', NULL, 5, NULL, '9539500667', 1, 2020, '', '9048045502', 'UTHALAKKAL HOUSE, UPPUKULAM P O', 'O+ve'),
('10597', 'M', 'VARSHA H', NULL, 4, NULL, 'notgiven', 1, 2020, '', '9048221123', 'Alampady, , Kozhinjampara P.O., , Palakkad-678555', 'O +'),
('10759', 'M', 'ANU K.M', NULL, 2, NULL, '8714179185', 1, 2020, '', '9037832586', 'KILLIYALAKUDDI(HO),JEEVAN NAGAR,MANALI,PALAKKAD(PO),PALAKKAD', 'O+ve'),
('10850', 'M', 'BINEESH.K', NULL, 3, NULL, '9744178044', 1, 2020, '', '8943880704', 'S/O KRISHNAN KUTTY.R,6/105 KUPPIYODE ,MARUTHAROAD PO,PALAKKAD 678007', 'O+ve'),
('10773', 'M', 'JISHNU.K', NULL, 3, NULL, '9747634592', 1, 2020, '', '9037634592', 'S/O KRISHNAN KUTTY.K.L,KOLLAMPURATH HO ,POTTASSERY PO KALLAMALA,PALAKKAD 678598', 'B+ve'),
('10818', 'M', 'SHAHINA A', NULL, 2, NULL, '9037192251', 1, 2020, '', '9037106306', 'EDAYAL STREET,MANKAVU,KALMANDAPAM,KOPPAM(PO),PALAKKAD', 'O+ve'),
('10912', 'M', 'VISHNU E.R', NULL, 2, NULL, 'notgiven', 1, 2020, '', '8943837220', 'ECHAMARIL(HO),PUTHANPALLIYIL,EZHAKKAD(PO),PALAKKAD', 'A+VE'),
('10672', 'M', 'ABHINAND V', NULL, 4, NULL, '9995157087', 1, 2020, '', '8943684734', 'ANJANAMCHIRA ,KOLLENGODE,ANAMRI.P.O,PALAKKAD', 'B+'),
('10670', 'M', 'SRUTHI K', NULL, 4, NULL, '8943271929', 1, 2020, '', '8943248699', 'MALAYAMPURATH,THENARI, ,ELAPPULLY,PALAKKAD-678551', 'A+'),
('10690', 'M', 'PRATHUL P', NULL, 5, NULL, '8943568946', 1, 2020, '', '8943568946', 'KUTTIKKATTUKULAMBU VADAVANNUR PO PALAKKAD DT', 'B+ve'),
('10711', 'M', 'AJITH. M', NULL, 5, NULL, '8921389916', 1, 2020, '', '8921389916', 'CHIRACODE, ATHIPOTTA, PALAKKAD', 'O+ve'),
('10772', 'M', 'FARISA.N.S', NULL, 3, NULL, '9048953427', 1, 2020, '', '8943131202', 'D/O SAIDHUMUHAMMED.N.V,NELLIKKUNNU HO MUCHEERI PO KONGAD,PALAKKAD 678631', 'notgive'),
('10894', 'M', 'ANANTHAKRISHNAN.R', NULL, 3, NULL, '9961759774', 1, 2020, '', '8848683301', 'S/O RAJAGOPALAN.R,MUTHALAPPARA HOUSE ,MUTHALAPPARA ,NEMMARA PO 678508', 'notgive'),
('10913', 'M', 'VISWAN . B', NULL, 5, NULL, '7356545891', 1, 2020, '', '8907830060', 'VISWANIVAS KUNDUKADU VADAVANNUR(P.O) PALAKKAD', 'O+ve'),
('10788', 'M', 'ATHIRA.S', NULL, 3, NULL, '9495658469', 1, 2020, '', '8848604989', 'D/OSIVADASAN.T,KANTHKALAM,THIRUVAKKAD,KANNADI PO 678701', 'A+ve'),
('10803', 'M', 'MUHAMMAD SANU', NULL, 2, NULL, '9809823372', 1, 2020, '', '8606707623', 'CHADHANAGATH(HO),PUDOOR,KODUNTHIRAPULLY(PO),PALAKKAD', 'O+ve'),
('10566', 'M', 'SATHEESH N', NULL, 3, NULL, '9809812764', 1, 2020, '', '8848066164', 'S/O NARAYANAN R,PONNALA HOUSE ,RAMASSERY P.O,ELAPPULLY PALAKKAD - 678622', 'B+ve'),
('10893', 'M', 'ARUN.P.R', NULL, 3, NULL, '9544020810', 1, 2020, '', '8606333089', 'S/O RAVEENDRAN.P.R,POOVATHINGAL HOUSE CHERUKULAM PO KOTTAYI,PALAKKAD 678572', 'B+ve'),
('10789', 'M', 'ADARSH.J', NULL, 3, NULL, '9544371951', 1, 2020, '', '8592905842', 'S/O JAYAPRAKASHAN.A MELEVEEDATHIKKAD ,KANJIRAMKUNNAM,KODUMBU-678551', 'B+ve'),
('10714', 'M', 'ARUN RAJ .C.P', NULL, 3, NULL, '9446103144', 1, 2020, '', '8592824260', 'S/O PREMARAJAN.K.A,KUTTICHOLA ,CHEMPANTHITTA,KARIMPA PO 678597', 'B+ve'),
('10558', 'M', 'GLADES JENO . P', NULL, 4, NULL, '9567077553', 1, 2020, '', '8592842632', 'KAKAYAN KALAM,ERUTHENPATHY P.O., ,PALAKKAD-,678555', 'O +'),
('10861', 'M', 'AKSHAYA E.S', NULL, 2, NULL, '9961258634', 1, 2020, '', '8589975234', 'ELAYARAM PURAKKAL(HO),CHAVAKKAD(P.O),TRISSUR', 'B+ve'),
('10593', 'M', 'SHIFANA. S', NULL, 4, NULL, 'notgiven', 1, 2020, '', '8547715720', 'KADOOR HOUSE, , , KADOOR,KODUNTHIRAPPULLY P.O.,PALAKKAD', 'B+'),
('10791', 'M', 'LIJO.K.RAJI', NULL, 3, NULL, '9496867710', 1, 2020, '', '8547485865', 'S/O RAJI.K.P,KEEPADAYIL HOUSE,PAYYANADAM PO MANNARKKAD ,PALAKKAD DIST 678583', 'O+ve'),
('10777', 'M', 'AJITH. P', NULL, 5, NULL, '9961053643', 1, 2020, '', '8289864423', 'PAROPADATH HOUSE PALLIKURUP (PO), PALAKKAD', 'O+ve'),
('10741', 'M', 'LARA R', NULL, 2, NULL, '9526292821', 1, 2020, '', '8330838501', 'PARAYIL(HO),VALLIKKADU,MANNALLUR(PO),PALAKKAD', 'O+ve'),
('10561', 'M', 'SREELAL K', NULL, 4, NULL, '8078098937', 1, 2020, '', '8281738937', 'NANDANAM L4/87, ,KSHB COLONY P.O., ,KALLEPPULLY,PALAKKAD-678005', 'A+'),
('10564', 'M', 'RANJITH.J', NULL, 4, NULL, '8547794084', 1, 2020, '', '8281610233', 'Krishna Nilayam, ,Vrindavan Nagar, ,NSS Engg: College P.O., ,Palakkad-678008', 'O +'),
('10681', 'M', 'AKASH K', NULL, 5, NULL, '8113806502', 1, 2020, '', '8156869327', 'NEELIKKAD HOUSE, PUDUSSERY PO, PALAKKAD', 'O+ve'),
('10706', 'M', 'SHYAM J', NULL, 5, NULL, '8138985683', 1, 2020, '', '8138985683', 'SHYAM NIVAS, SELVAPURAM, PAMPAMPALLAM P O', 'O+ve'),
('10854', 'M', 'SHANOOB. M', NULL, 4, NULL, '9961053264', 1, 2020, '', '8138887922', '17/655Kaattilpeedika (H) ,Kallikkad Road, ,Kallekkad, ,Kodunthirapulli P.O., ,Palakkad-678004', 'B+'),
('10439', 'M', 'RUSKIN R', NULL, 5, NULL, '8136814976', 1, 2020, '', '8136814976', 'Ruskin nivas, Ampattupalam, Mens hostel road - 678104', 'A+ve'),
('10731', 'M', 'NIDIN. N.S', NULL, 4, NULL, '7356452746', 1, 2020, '', '8129534858', 'Nilanarakathil(H), ,Punchakode,Thenkara P.O.,Mannarkkad,Palakkad-678582', 'B+'),
('10575', 'M', 'ADHARSH. J', NULL, 4, NULL, '7293382731', 1, 2020, '', '8129484048', 'KANNIYARKULAMBU,VERKOLY P.O.,POLPULLY,PALAKKAD', 'AB+'),
('10545', 'M', 'VISHNU V', NULL, 5, NULL, '7293023667', 1, 2020, '', '8089587096', 'VIJAY NIVAS, MANATHAKKAD, MALAMPUZHA(PO), PALAKKAD', 'B+ve'),
('10752', 'M', 'ANSAR. C', NULL, 4, NULL, 'notgiven', 1, 2020, '', '8113921048', 'Chelekkodan House ,Karakurussi P.O.,Karakurussi, ,Palakkad', 'O +'),
('10715', 'M', 'ANUJITH .P.G', NULL, 5, NULL, '8089116473', 1, 2020, '', '8089116473', 'KALLANCHIRA, PERUVEMBA PERUVEMBA', 'B+ve'),
('10798', 'M', 'SHERIN RAJ K P', NULL, 4, NULL, '8086264214', 1, 2020, '', '8086737559', 'KORANGAPARAMBIL HOUSE, , POTTASSERY, ,MANASSERY POST,MUKKAM VIA, ,KOZHIKODE-673602', 'O +'),
('10746', 'M', 'SHIJOY.C', NULL, 4, NULL, '8157034254', 1, 2020, '', '8086684193', 'Unnikuttan Nivas ,Soolamkudam, ,Ambatupalayam, , Chittur P.O.,Palakkad', 'A+'),
('10811', 'M', 'GASIN C', NULL, 2, NULL, '9207424874', 1, 2020, '', '8086471068', 'VETTANIKKUNNU(HO),MANNARKKAD,CHANGALEERI(PO),PALAKKAD-678762', 'notgive'),
('10778', 'M', 'ABHIJITH A.G', NULL, 2, NULL, '7034551679', 1, 2020, '', '8086458411', 'ANGADIPARAMB (HO),MANNUR,MANNUR(PO),PALAKKAD-678 642', 'notgive'),
('10859', 'M', 'JUSWINTH K', NULL, 2, NULL, 'notgiven', 1, 2020, '', '8086314554', 'VIJAYASREE NIVAS,NANMINDA,NANMINDA(PO),KOZHIKODE', 'O+ve'),
('10738', 'M', 'NITHIN R', NULL, 3, NULL, '9495487714', 1, 2020, '', '8078381432', 'S/O RADHA KRISHNAN C,CHENNATHU HOUSE,PUTHUR,PALAKKAD 678001', 'B+ve'),
('10891', 'M', 'DHEERAJ S', NULL, 5, NULL, '7994130038', 1, 2020, '', '7994130038', 'CHILAMBATH HOUSE KAZHCHAPARAMBU KANNADI PO, PALAKKAD KERALA 678701', 'B+ve'),
('10782', 'M', 'ANAND.B', NULL, 3, NULL, '8157873735', 1, 2020, '', '7909237231', 'S/O BALAKRISHNAN.A.V,ANGADI PARAMBIL AKALUR P.O,PATHIRIPALA-679302', 'A+ve'),
('10899', 'M', 'ABDUL RAZAK A.H', NULL, 3, NULL, '9447515128', 1, 2020, '', '7909205513', 'S/O HAMSA A.U,ARANGAD HOUSE,KALUR PO,PALAKKAD 678613', 'notgive'),
('10833', 'M', 'KARTHIK.C.T', NULL, 3, NULL, '8943323583', 1, 2020, '', '7907326998', 'S/O THULASIDAS.C.K,CHOOLPATTA HOUSE,MANNUR PO,PALAKKAD 678642', 'O+ve'),
('10820', 'M', 'YOGESH R', NULL, 2, NULL, '9567767273', 1, 2020, '', '7902288921', 'SHABARI NIVAS,MANNARKKAD,PALAKKAD', 'O+ve'),
('10534', 'M', 'PRAPANCH P', NULL, 4, NULL, '7293451686', 1, 2020, '', '7736649865', 'Kannurvalappil house, ,Meleppuram, ,Olavakkode P.O., ,Palakkad-678002 ', 'B+'),
('10635', 'M', 'RAIHAN . M', NULL, 4, NULL, 'notgiven', 1, 2020, '', '7736266040', 'S M HOUSE, ,HUDHA NAGAR, ,PUTHUPPALLI STREET, ,NURANI P.O., ,PALAKKAD-678004', 'O -'),
('10848', 'M', 'SAJITH.C', NULL, 3, NULL, '9496516944', 1, 2020, '', '7592902233', 'S/O HARIDEVI,CHALLAPURATH HO,KANDAMANGALAM PO,MANNARKKAD 678583', 'B+ve'),
('10689', 'M', 'SUDHEESH. B.S', NULL, 5, NULL, '7560986043', 1, 2020, '', '7560986043', 'BIYYATH HOUSE KADAMAKUDY PIZHALA P O', 'O+ve'),
('10750', 'M', 'ARUN.M', NULL, 5, NULL, '7559845868', 1, 2020, '', '7559845868', 'PALLATHAMPULLY ,TATTAMANGALAM (PO), Palakkad', 'B+ve'),
('10716', 'M', 'SREEJITH.R', NULL, 5, NULL, '7356731370', 1, 2020, '', '7558077670', 'CHERUNGAL HOUSE THEKKUMURI NALLEPILLY PO PALAKKAD', 'O+ve'),
('10656', 'M', 'VAISAKH. E', NULL, 4, NULL, 'notgiven', 1, 2020, '', '7510809221', 'EDAPARAMBIL(h),VAZHEMPURAM(PO) 678595 ,PONNAMKODE', 'B+'),
('10594', 'M', 'ASWIN. M. S', NULL, 5, NULL, '9526798540', 1, 2020, '', '7510306420', 'MURALI NIVAS, ARAYANKODE, MANNARKKADPO, PALAKKAD-DT, ', 'A+ve'),
('10787', 'M', 'ARAVIND.S', NULL, 3, NULL, '9847611878', 1, 2020, '', '7510293878', 'S/O SWAMINATHAN,MALLIKA NIVAS KOYYAMARAKKAD,KANJIKODE PO PALAKKAD 678621', 'O+ve'),
('10843', 'M', 'PRAJITH. K. G', NULL, 5, NULL, '7403740029', 1, 2020, '', '7403740029', 'KOOTHALI HOUSE MUNDUR P O PALAKKAD', 'O+ve'),
('10856', 'M', 'MUHAMMED SHAMMAS.P.K', NULL, 5, NULL, '9526127278', 1, 2020, '', '7356899293', 'PARATHAKKAD HOUSE, THATHOOR, PAZHOOR PO, MAVOOR VIA, KOZHIKODE', 'O+ve'),
('10880', 'M', 'SNEHA P.S', NULL, 2, NULL, '9947072347', 1, 2020, '', '7293404343', 'KOLEPPADAM(HO),PLACHIKKAD,PALLAVUR(PO),PALAKKAD-678688', 'notgive'),
('10815', 'M', 'PAUL JINSON . P', NULL, 4, NULL, 'notgiven', 1, 2020, '', '7293322565', 'MAGAPPALLAM, ,MOOLAKADA, ,ERUTHENPATHY(P.O),PALAKKAD-678555', 'O +'),
('10800', 'M', 'AJAY DAS M', NULL, 2, NULL, '9072726593', 1, 2020, '', '7034489163', 'MECHERI(H),PARANGIMOOCHIKKAL,CHAPPANANGADI(P.O), MALAPPURAM -676503', 'O+ve'),
('10633', 'M', 'VINOD P', NULL, 5, NULL, '7034208618', 1, 2020, '', '7034208618', 'PANANCHIKKAL PADI HOUSE, MANISSERY (PO) , OTTAPALAM', 'O+ve'),
('10786', 'M', 'VINODKRISHNAN. N', NULL, 4, NULL, '9544346877', 1, 2020, '', '7034078096', 'NAYAPPULLY,VEERAMANGALAM P O, ,PALAKKAD, , PIN:679502', 'O +'),
('10840', 'M', 'SREEJITH. K. R', NULL, 4, NULL, '8156946974', 1, 2020, '', '7025135488', 'Kunnath House, ,MANARKKAD, Ethirpanam,Palakkad- 678582', 'A+'),
('10904', 'M', 'ABHIJITH S', NULL, 2, NULL, '9074146714', 1, 2020, '', '9746168210', 'ATHIYAMPADAM KALAM,BANGLE STREET,PUDUNAGARAM,PALAKKAD', 'notgive'),
('10596', 'M', 'SHYJU M', NULL, 4, NULL, '9809344084', 1, 2020, '', '9747265642', 'SHYJUNIVAS , VELLAPANA ,THATHAMANGALAM ,PERUVEMBA P.O.,PALAKKAD-678531', 'A+'),
('10762', 'M', 'SYAM GANESH B', NULL, 4, NULL, '9388579354', 1, 2020, '', '9747925526', 'Vaikkath Kalam, ,Thaloore, ,Kudalloor P.O. ,PALAKKAD- 678688', 'B+'),
('10710', 'M', 'JITHIN.P', NULL, 5, NULL, '9809192499', 1, 2020, '', '9809192499', 'ATHIKKAD HOUSE, KANJIRAMKUNNAM KODUMBU PO PALAKKAD', 'O+ve'),
('10725', 'M', 'LIPIN. M.K', NULL, 5, NULL, '9809262655', 1, 2020, '', '9809262655', 'LIPIN NIVAS PUNCHAKODE NANDANKIZHAYA ANAMARI PO MUTHALAMADA PALAKKAD', 'O+ve'),
('10846', 'M', 'AJEESH.A', NULL, 5, NULL, '9020527085', 1, 2020, '', '9809359960', 'SREESYLAM , THARAKALAM, CHITTUR (PO) , PALAKKAD', 'B+ve'),
('10802', 'M', 'BINIL. N', NULL, 5, NULL, '9809366970', 1, 2020, '', '9809366970', 'KANGUMARAPURA SASTHA COLONY MALAMPUZHA', 'A+ve'),
('10917', 'M', 'JITHIN.T.J', NULL, 5, NULL, '9809366977', 1, 2020, '', '9809366977', 'CHAITHRAM, VRINDHAVAN NAGAR, MALAMPUZHA, PALAKKAD ', 'O+ve'),
('10583', 'M', 'ANUMOD.C', NULL, 3, NULL, '9744104647', 1, 2020, '', '9809374719', 'S/O KRISHNAMOHANAN.C,PANJAKSHARIBHAVAN ,KADAMPAZHIPPURAM,678633', 'notgive'),
('10712', 'M', 'VISHNU.G', NULL, 5, NULL, '9809590844', 1, 2020, '', '9809590844', 'KANDAYATH HOUSE, PALAYAMKADU, OLASSERI KODUMBU', 'O+ve'),
('10699', 'M', 'AKHIL S', NULL, 4, NULL, 'notgiven', 1, 2020, '', '9809590849', 'PUNNANTHARA(H), ,ALACHANCODE, ,AMBATTUPALAYAM,CHITTUR COLLEGE ,P.O.,PALAKKAD-678104', 'O +'),
('10918', 'M', 'KIRAN R', NULL, 2, NULL, '9562070347', 1, 2020, '', '9809782981', 'KEERTHY NIVAS(HO),UMMINI,KALLEKULANGARA(PO),PALAKKAD', 'O+ve'),
('10621', 'M', 'LIVINKRISHNAN .K', NULL, 3, NULL, '8590348583', 1, 2020, '', '9809812187', 'S/O KRISHNAN KUTTY ,THEKKEVEEDU,NADATHARA PUDUSSERY,PALKKAD 678623', 'A+ve'),
('10640', 'M', 'RAFI.J', NULL, 4, NULL, 'notgiven', 1, 2020, '', '9809867682', 'SURYA NAGAR ,KANJIKODE PO ,PALAKKAD', 'B+, O +'),
('10896', 'M', 'FAIZAL S', NULL, 5, NULL, '8111846642', 1, 2020, '', '9809878461', 'THEVARKAD, VADAVANNUR, PALAKK AD', 'AB+ve'),
('10739', 'M', 'SARAVANAN B', NULL, 4, NULL, '9809709353', 1, 2020, '', '9846119781', '15/505 VIJAYA NIVAS, ,NERUKAKKAD,KALLEPULLY (PO),PALAKKAD 678005', 'B+'),
('10646', 'M', 'JOYEL WILSON', NULL, 5, NULL, '9961905751', 1, 2020, '', '9846136113', 'THAIKADAN HOUSE, MANGALAM, WADAKANCHERY R S P O , THRISSUR', 'B+ve'),
('10734', 'M', 'HARIKRISHNAN N', NULL, 2, NULL, '9539363414', 1, 2020, '', '9846262917', 'NELLATT(HO),PANG SOUTH(PO),MALAPPURAM', 'AB+VE'),
('10700', 'M', 'AKASH.M.S', NULL, 5, NULL, '7034273805', 1, 2020, '', '9846285601', 'MOOKKUNNIKKAD HOUSE CHERUMPALA MANNUR WEST PO PALAKKAD', 'O+ve'),
('10539', 'M', 'AFSEENA S', NULL, 4, NULL, '8891265872', 1, 2020, '', '9846416965', 'SABEER MANZIL, ,PALLATHERI P.O., ,PALAKKAD,678007', 'A+'),
('10751', 'M', 'AJITH KUMAR.K', NULL, 4, NULL, '9746174363', 1, 2020, '', '9846762073', 'KOTTEKKATTUPURA.H.O, ,RAGHAVAPURAM, ,PANAYUR .P.O,ATHICODE,PALAKKAD-678552', 'B+'),
('10631', 'M', 'AKSHAY. C', NULL, 4, NULL, '7025937880', 1, 2020, '', '9846872510', 'Chengathoor (H), ,Thiruvizhamkunnu P.O.,Thiruvizhamkunnu, ,Palakkad-678601', 'O +'),
('10608', 'M', 'RAKHI K', NULL, 2, NULL, '9539628370', 1, 2020, '', '9846950187', 'RAHUL NIVAS(HO),NAYAMPADAM,MUNDUR,POOTHANUR(PO),PALAKKAD', 'A+VE'),
('10693', 'M', 'AJOY. P. R', NULL, 4, NULL, '8848071603', 1, 2020, '', '9847025016', 'POOKKUTH (H),MUKKANNAM, ,MANNARKKAD.P.O., ,PALAKKAD', 'B+'),
('10707', 'M', 'PRANAV P', NULL, 4, NULL, '9744194836', 1, 2020, '', '9847313071', 'EKKODE(HO) ,CHITHALI (PO),KUZHALMANNAM,PALAKKAD.PIN:678702', 'O +'),
('10831', 'M', 'MEGHA. M', NULL, 5, NULL, '9847561489', 1, 2020, '', '9847561489', 'D/O MADHAVAN CHAKIRIKULAMBU MAVUKKAD PERUVEMBA( PO), PALAKKAD', 'O+ve'),
('10688', 'M', 'RAHUL.S.', NULL, 5, NULL, '7907744984', 1, 2020, '', '9847855927', 'RAHULNIVAS KODUNTHIRAPULLY PALAKKAD', 'B+ve'),
('10921', 'M', 'ABIJITH B', NULL, 2, NULL, '9526909916', 1, 2020, '', '9847952107', 'KOTTAPURA(HO),MANAKKALKADU,MALAMPUZHA(PO),PALAKKAD-678651', 'AB+VE'),
('10925', 'M', 'RETHULYA R', NULL, 2, NULL, 'notgiven', 1, 2020, '', '9895726199', 'SANKARATHKADU,ERATTAYAL,MARUTHAROAD(PO),PALAKKAD', 'notgive'),
('10839', 'M', 'JINITH.J', NULL, 5, NULL, '8907097493', 1, 2020, '', '9895956515', 'MOOTHEDAM HOUSE MUNDUR POST PALAKKAD 678592', 'O+ve'),
('10838', 'M', 'ARJUN M.P', NULL, 2, NULL, '9605090796', 1, 2020, '', '9946019829', 'MOYYANIPARAMBIL(HO),KALLUVAZHI,KALLUVAZHI(PO),PALAKKAD', 'O+ve'),
('10814', 'M', 'KIRAN.E.K', NULL, 5, NULL, '9895228726', 1, 2020, '', '9946277731', 'ERUVILAMKADU HOUSE POOTHANUR POST MUNDUR, PALAKKAD 678592', 'B+ve'),
('10796', 'M', 'VISHNUMON. K', NULL, 5, NULL, '7025938248', 1, 2020, '', '9946592197', 'KORANGOTTIL HOUSE, THIRUVIZHAMKUNNU PO, ALANALLUR, PALAKKAD, KERALA', 'B+ve'),
('10581', 'M', 'NIKESH C', NULL, 5, NULL, '9656944152', 1, 2020, '', '9946713790', 'KOLLAMKOTTUKALAM ODANUR KOTTAYI POST PALAKKAD', 'O+ve'),
('10876', 'M', 'AJITH V.H', NULL, 2, NULL, '9656066825', 1, 2020, '', '9946769296', 'VALIYAKALLIL(HO),MANNUR WEST(PO),PALAKKAD-678642', 'notgive'),
('10599', 'M', 'RAHUL.K', NULL, 3, NULL, '8086150075', 1, 2020, '', '9947578227', 'S/O MOHANAN.K,KOLERI HOUSE,LAKKIDI MANGALAM PO,OTTAPALAM 679301', 'O+ve'),
('10553', 'M', 'ANJITHA. N. K', NULL, 5, NULL, '9947644668', 1, 2020, '', '9947644668', 'NAMBULLIPURA HOUSE MUNDUR NAMBULLIPURA POST PALAKKAD', 'A+ve'),
('10717', 'M', 'ABHIJITH V.A', NULL, 2, NULL, 'notgiven', 1, 2020, '', '9947677521', 'VELINGODE(HO),VAZHENKADA,VAZHENKADA(PO)', 'notgive'),
('10807', 'M', 'ABHISHEK P.M', NULL, 2, NULL, '9526081889', 1, 2020, '', '9947705777', 'KRISHNAKRIPA(HO),THAREKKAD GRAMAM,PALAKKAD(PO),PALAKKAD', 'AB+VE'),
('10805', 'M', 'MOHAMMED HANEEFA.S', NULL, 3, NULL, '9995660493', 1, 2020, '', '9947748986', 'S/O HASSENA,ANUSHA HANEEFA MANZIL,SAROJINI NAGAR MAYAMKULAM ,PARA ELLAPULLY 678622 ', 'A+ve'),
('10828', 'M', 'YADHUKRISHNAN. V.A', NULL, 5, NULL, '9562540059', 1, 2020, '', '9947763434', 'VENNEKKATTIL HOUSE POTTASSERY [PO] 678598 PALAKKAD', 'O+ve'),
('10851', 'M', 'ABIN P.K', NULL, 2, NULL, '7558929875', 1, 2020, '', '9947770436', 'KANNOTHTHAZA(HO),NELLACHERI,ONCHIYAM(PO),KOZHIKODE-673308', 'O+ve'),
('10538', 'M', 'AKHILKRISHNA U', NULL, 4, NULL, '9048648952', 1, 2020, '', '9961873435', 'KUNNAMKULANGARA HOUSE, ,PIRAYIRI POST, ,PALAKKAD. PIN - 678004', 'A+'),
('10567', 'M', 'MANJU. K', NULL, 4, NULL, 'notgiven', 1, 2020, '', '9995197472', 'MUTHALITHARA, ,THENARI, ,PALAKKAD- 678622', 'O+'),
('10915', 'M', 'HARSHID RAHMAN', NULL, 3, NULL, 'notgiven', 1, 2020, '', '90961156825', 'PACHEERI,KANJHIRAM,POTTASSERY PO ,PIN 678593', 'O+ve'),
('10868', 'M', 'ABHILASH UNNIKRISHNAN.K', NULL, 5, NULL, '9207005013', 1, 2020, '', '7025210013 / 96', 'KOLAKKAT HOUSE, VALLIKUNNU NORTH POST, MALAPPURAM', 'O+ve'),
('10609', 'M', 'AHAMMED ROSHAN. E', NULL, 5, NULL, '7356073984', 1, 2020, '', '7356073984 / 96', 'EDAMKUNNAN HOUSE, ARAYANKODE, MANNARKKAD PO, PALAKKAD DISTRICT, KERALA', 'O+ve'),
('10556', 'M', 'AJAYRAJ.K', NULL, 5, NULL, '9048024960', 1, 2020, '', '8281398404 / 99', 'KOOTTALAPPARAMBIL, PULAPPATTA P O PALAKKAD, KERALA', 'O-ve'),
('10875', 'M', 'ANAND. A', NULL, 5, NULL, '9061414149', 1, 2020, '', '9061414149 / 97', 'CHAKIRIKKUNNEL PUTHUKKALAVATTAM ELAMAKKARA[PO] ERNAKULAM', 'A+ve'),
('10730', 'M', 'ARUN.N', NULL, 5, NULL, '7902744710', 1, 2020, '', '9747360253 / 79', 'PADIPPOYIL HOUSE PERINGOLAM PERINGOLAM PO KOZHIKODE', 'B+ve'),
('10671', 'M', 'SHIJUMON P B', NULL, 5, NULL, '9129360411', 1, 2020, '', '9809192411 / 94', 'K B NIVAS, KODANAIKAL, PATTENCHERY POST, CHITTUR, PALAKKAD', 'O+ve'),
('10825', 'M', 'SARITHA KJ', NULL, 3, NULL, '9488383799', 1, 2020, '', 'notgiven', 'D/O JAMEELA,KURIYARKUTTY(COLONY),PARAMBIKULAM (PO),PALAKKAD-678661', 'B+ve'),
('10790', 'M', 'SARANYA.K', NULL, 3, NULL, '9567816479', 1, 2020, '', 'notgiven', 'D/O KARUNAN.K,KARUNANIVAS,KASTHURBA NAGAR,AKATHETHARA 678008', 'B+ve'),
('10841', 'M', 'DANIYA PK', NULL, 3, NULL, '9495089939', 1, 2020, '', 'notgiven', 'D/O KRISHNAKUMAR TV,PIRIYANIPARAMBU ,KALLUR PO,MANKARA PALAKKAD 678613', 'notgive'),
('10614', 'M', 'APARNA.K.M', NULL, 3, NULL, '9446832289', 1, 2020, '', 'notgiven', 'D/O MOHANAN.P,KAPPIL HOUSE ,KAYARAMKODAM,MUNDUR PO 678592', 'A+ve'),
('10742', 'M', 'ACHU SURENDRAN.S', NULL, 3, NULL, '9446943412', 1, 2020, '', 'notgiven', 'D/O SURENDRAN.S,APPUPILLAYOOR,ERATTAKULAM P/O,PALAKKAD ', 'O+ve'),
('10867', 'M', 'SURYA R', NULL, 3, NULL, '9995232964', 1, 2020, '', 'notgiven', 'D/OSUMATHY R,KUNNATHUPURA,EDATHARA PO,PALAKKAD 678611', 'A+ve'),
('10907', 'M', 'SUJITH S', NULL, 2, NULL, 'notgiven', 1, 2020, '', 'notgiven', 'KALARIKKAL(HO),THEKKETHARA,KOTTEKKAD(PO),PALAKKAD', 'notgive'),
('10906', 'M', 'MUHAMMED SUHAIL N V', NULL, 3, NULL, '9847408896', 1, 2020, '', 'notgiven', 'S/O ABDUL AZEEZ NV,NELLIKAVATTAYIL HOUSE ,KUNTHIPUZHA ,MANNARKAD PO 678582', 'notgive'),
('10745', 'M', 'AJMAL.A', NULL, 3, NULL, '9605544657', 1, 2020, '', 'notgiven', 'S/O ABDUL RAHIMAN.A,CHOORAPALLAM PANAYUR-PO ,ATHIKODE PALAKKAD -678552', 'A+ve'),
('10767', 'M', 'PRANAV.A', NULL, 3, NULL, '8156937157', 1, 2020, '', 'notgiven', 'S/O ASHOKAN.K,ERATE HOUSE OOTTARA ,KOLLENGODE,PALAKKAD 678506', 'A+ve'),
('10821', 'M', 'SIBIN C B', NULL, 3, NULL, '7994005593', 1, 2020, '', 'notgiven', 'S/O BALAN K,R K NIVAS,MATTUPARA,NAMMARA PO 678508', 'O+ve'),
('10844', 'M', 'GOKUL DAS K.P', NULL, 3, NULL, '8943059599', 1, 2020, '', 'notgiven', 'S/O CHANDRAN K.P,KALLAMPARAMBIL (HO) ,MUNNURCODE (PO) THRIKKADEERI (VIA),PALAKKAD (DT) PIN: 679502', 'B+ve'),
('10644', 'M', 'AJEESH C', NULL, 3, NULL, '9847349659', 1, 2020, '', 'notgiven', 'S/O CHANDRAN.K,THIRUVATHIRA NIVAS ,NEDUVAKKAD,KINASSERY P O 678701', 'B+ve'),
('10900', 'M', 'MUHAMMED FIROZKHAN A H', NULL, 3, NULL, '9809431532', 1, 2020, '', 'notgiven', 'S/O HAKKIM J,30/701,ABDULLA HOUSE,CHADANAMKURUSSI, NURANI(PO),PALAKKAD,678004', 'O+ve'),
('10726', 'M', 'ROSHIN.K', NULL, 3, NULL, '9961834870', 1, 2020, '', 'notgiven', 'S/O HARI.M.P.,KOLATHUKATTIL HO,PULAPATTA PO,678632', 'AB+ve'),
('10591', 'M', 'AJITH HARIDAS', NULL, 3, NULL, '9847628245', 1, 2020, '', 'notgiven', 'S/O HARIDASAN,THEKUMURI HOUSE ,ATHIPOTTA P O,ALATHUR 678544', 'notgive'),
('10832', 'M', 'VISHNU.C.M', NULL, 3, NULL, '9446242848', 1, 2020, '', 'notgiven', 'S/O MANIKANDAN .C.A,SCHOOL KUNNU HO,CHERUMKULAM THENKARA,MANNARKAD PALAKKAD', 'notgive'),
('10753', 'M', 'VIJAYAKRISHNAN M', NULL, 3, NULL, '9961047449', 1, 2020, '', 'notgiven', 'S/O MANIKANDAN A,RAJEEV NAGAR,THENARI[PO],PALAKKAD-678622', 'A+ve'),
('10862', 'M', 'BIPIN MATHEW V.M', NULL, 3, NULL, '7356996116', 1, 2020, '', 'notgiven', 'S/O MATHEW V.D,VADAKKAL H ,MUTIRAPADAM THIKATUKARA , ALUVA', 'notgive'),
('10554', 'M', 'AJITH.M', NULL, 3, NULL, '9567972196', 1, 2020, '', 'notgiven', 'S/O MURUKAN.K,MOOCHIKKAD HOUSE ,PANAYOOR P O,ATHIKKODE-678552', 'B+ve'),
('10872', 'M', 'SREEJITH.P', NULL, 3, NULL, '9447923236', 1, 2020, '', 'notgiven', 'S/O PRABHAKARAN.K,SREENILAYAM ,KUZHALMANNAM(P.O),PALAKKAD 678702', 'O+ve'),
('10658', 'M', 'RAMESH T P', NULL, 3, NULL, '9645988509', 1, 2020, '', 'notgiven', 'S/O RADHAKRISHNAN T P,THEKKEPPATUPADI HOUSE ,NELLIKKURISSI ,MULANJOOR PO 679511', 'A+ve'),
('10571', 'M', 'DEEPAK.R', NULL, 3, NULL, '8157924036', 1, 2020, '', 'notgiven', 'S/O RAJAKUMARAN.A,PUTHOORPADAM HO ,KALANDITHARA PUDUSSERY PO ,PALAKKAD 678623', 'O+ve'),
('10761', 'M', 'RAHUL V R', NULL, 3, NULL, '9946162965', 1, 2020, '', 'notgiven', 'S/O RAMACHANDRAN,VALIYAPARAMB HO,NAMBULLIPURA PO,MUNDUR,PALAKKAD .678592', 'A+ve'),
('10914', 'M', 'SARATH.R', NULL, 3, NULL, '8089181633', 1, 2020, '', 'notgiven', 'S/O RAVINDRANATHAN.V,CHADANAM KURISSI ,SRINAGAR COLONY,NURANI(PO) PALAKKAD 678004', 'notgive'),
('10816', 'M', 'ABDULFAZIL.A', NULL, 3, NULL, '9567388306', 1, 2020, '', 'notgiven', 'S/O S.ABDULAZEEZ,RAMSIYA MANZIL,VATTEKKAD P/O,KOLLENGODE 678506', 'O+ve'),
('10910', 'M', 'STEPHEN.S', NULL, 3, NULL, '9895663778', 1, 2020, '', 'notgiven', 'S/O SOWRIYAR,WALAYAR DAM ROAD,BANGLAWKALAM,PALAKKAD 678624', 'notgive'),
('10847', 'M', 'SUJEESH S', NULL, 3, NULL, '9744233855', 1, 2020, '', 'notgiven', 'S/O SUDHAKARAN,MANNARKKATTU ,PARAMBU KARINGARAPULLY (P.O),KADAMKODE PALAKKAD 678551', 'O+ve'),
('10784', 'M', 'ARJUN.V', NULL, 3, NULL, '9809376804', 1, 2020, '', 'notgiven', 'S/O VISHNU DAS.T,KARINJALIPALLAM ,KUTTIPALLAM PO,CHITTUR PALAKKAD 678101', 'B+ve'),
('10927', 'M', 'SOURAV R', NULL, 2, NULL, 'notgiven', 1, 2020, '', 'notgiven', 'THOTTAPURA(HO),SASTHANAGAR,AKATHETHARA(PO),PALAKKAD', 'notgive'),
('10612', 'M', 'MUHAMMED SHIBIL .T', NULL, 4, NULL, 'notgiven', 1, 2020, '', 'notgiven', 'THOTTASSERY(HO), ,MUNDAKANNI;,THENKARA P.O.,MANNARKAD;,PALAKKAD', 'notgive'),
('10928', 'M', 'VISHNU V.U', NULL, 2, NULL, 'notgiven', 1, 2020, '', 'notgiven', 'VALIPARAMBU(HO),MUNDUR(PO),PALAKKAD-678592', 'notgive'),
('10748', 'M', 'MAYA A.R', NULL, 2, NULL, 'notgiven', 1, 2020, '', 'notgiven', 'notgiven', 'notgive'),
('10626', 'M', 'SAJNA MOL V', NULL, 2, NULL, 'notgiven', 1, 2020, '', 'notgiven', 'notgiven', 'notgive'),
('10713', 'M', 'KIRAN P', NULL, 2, NULL, 'notgiven', 1, 2020, '', 'notgiven', 'notgiven', 'notgive'),
('10897', 'M', 'KRISHNA PRASAD A', NULL, 2, NULL, 'notgiven', 1, 2020, '', 'notgiven', 'notgiven', 'notgive'),
('10774', 'M', 'HARI GOVIND K', NULL, 6, NULL, '9745363940', 1, 2020, '', '9037844184', 'PURAKKATBHAVANAM,CHERUMUNDASSERY(PO), AMBALAPPARA, OTTAPALAM,PALAKKAD.679512', 'O+'),
('10667', 'M', 'ESHAM.A', NULL, 6, NULL, '8086652091', 1, 2020, '', '8891119131', 'SAID NAGAR,NARIKUTHY,PALAKKAD(PO) PALAKKAD', 'AB+'),
('10620', 'M', 'EMMANUAL JAISON', NULL, 6, NULL, '9446564136', 1, 2020, '', '9446514136', 'NANTHIKKAT(H),THAMARACHIRA ROAD,ANICODE,CHITTUR', 'A+'),
('10622', 'M', 'DHILRAJ.V', NULL, 6, NULL, '9809449736', 1, 2020, '', '9544917604', 'KANDANTHODI HOUSE,BANKROAD,ALATHUR POST, PALAKKAD 678541', 'O+'),
('10634', 'M', 'BHUVANESH T S', NULL, 6, NULL, '9605374796', 1, 2020, '', '9495529637', 'THODUKKAD (H) MATHUR,PALAKKAD 678571', 'A+'),
('10654', 'M', 'BALANANTH V S', NULL, 6, NULL, '9747223912', 1, 2020, '', '9747627387', 'VALAYANGATTIL HOUSE,THRIKKADERI POST, OTTAPALAM 679502', 'B+'),
('10568', 'M', 'ASWIN.S', NULL, 6, NULL, '9847269478', 1, 2020, '', '9656606948', 'Thazhe pokanthode,Edupukulam p.o,678556', 'A+'),
('10589', 'M', 'ASWANI T A', NULL, 6, NULL, '9809389954', 1, 2020, '', '8943107989', 'THACHATTIL HO KONIKKAZHI PO PALAKKAD 678632', 'B+'),
('10535', 'M', 'ARJUN V M', NULL, 6, NULL, '8086460121', 1, 2020, '', '9496307504', 'VENNAKKARA HOUSE PUDHUPPARIYARAM P O PALAKKAD 678731', 'O+'),
('10722', 'M', 'ARUN C', NULL, 6, NULL, '8089112743', 1, 2020, '', '8592948530', 'PADINHAREKUNNU CHERUKULAM THENKARA PO MANNRAKKAD', 'A+'),
('10783', 'M', 'ANURAG E P', NULL, 6, NULL, '9846710265', 1, 2020, '', '9846211055', 'EDAVETTIPALLIYALIL HOUSE PALLIPPURAM PO PATTAMBI PALAKKAD 679305', 'O+'),
('10587', 'M', 'ARJUN.C', NULL, 6, NULL, '9747198123', 1, 2020, '', '9947827173', 'CHANTHIRUTHY HOUSE PULLUNDASSERY KATAMPAZHIPURAM PO PALAKKAD 678633', 'O+'),
('10560', 'M', 'ANITHA G', NULL, 6, NULL, '9061670775', 1, 2020, '', '9947635775', 'NANGAMKURISSI HO THEKKEDESAM PO PALAKKAD 678553', 'O+'),
('10675', 'M', 'ANSAR.K', NULL, 6, NULL, '8157022458', 1, 2020, '', '9605506220', 'murukkinkadu,vadavannur,678504', 'O+'),
('10642', 'M', 'ANGIRAS. P.S', NULL, 6, NULL, '7356673131', 1, 2020, '', '9633706590', 'N.G.O QUARTERS D-46 KALLEPPULLY, PALAKKAD 678005', 'B+'),
('10737', 'M', 'ALWIN LAWRANCE', NULL, 6, NULL, '8111953955', 1, 2020, '', '9645368606', 'VELLYAPPAN VEEDU PALAYAMTHURAI KOZHIPARA POST PALAKKAD 678557', 'O+'),
('10661', 'M', 'AKSHAY M', NULL, 6, NULL, '9539653379', 1, 2020, '', '9809349479', 'MUTHU NIVAS,THOTTAPURA,AKATHETHARA(PO),PALAKKAD 678008', 'A+'),
('10606', 'M', 'AJITH KRISHNA MR', NULL, 6, NULL, '8113950737', 1, 2020, '', '9809753604', 'MANGOTTIL(H),POTTASSERY(PO),POTTASSERY,MANNARKKAD,PALAKKAD', 'O+'),
('10708', 'M', 'AKHIL.R', NULL, 6, NULL, '8848774655', 1, 2020, '', '9526838919', 'kizhakkepura,panayur (po) polpully palakkad 678552', 'B+'),
('10598', 'M', 'AJAY M S', NULL, 6, NULL, '9809783744', 1, 2020, '', '9745735663', 'MANNAMTHODI HOUSE ,MANKARA POST, PALAKKAD 678613', 'A+'),
('10572', 'M', 'AGHI G', NULL, 6, NULL, '8129979115', 1, 2020, '', '9995920499', 'KRISHNAGIRI MAYAMKULAM ELAPPULLY PO PALAKKAD 678622', 'O+'),
('10648', 'M', 'AJAY A', NULL, 6, NULL, '9846671061', 1, 2020, '', '9846671061', 'Thazhe pokanthode,Edupukulam p.o,678556', 'O+'),
('10550', 'M', 'AJAY KRISHNA', NULL, 6, NULL, '9946990474', 1, 2020, '', '9946221189', 'KALLIYATH HOUSE CHERIKKAL PAZHAMBALACODE PO PALAKKAD 678544', 'A+'),
('10604', 'M', 'AFEEF HISHAM.P', NULL, 6, NULL, '9744612752', 1, 2020, '', '9846409491', 'PADUKUNDIL HOUSE,UPPUKULAM POST,EDATHANATTUKARA,PALAKKAD,678601', 'O+'),
('10617', 'M', 'ADARSH R T', NULL, 6, NULL, '9605148651', 1, 2020, '', '9995754178', 'ASWATHY BHAVANAM,SOORNAD SOUTH,PATHARAM PO,690522,KOLLAM', 'B+'),
('10655', 'M', 'ABHILASH C', NULL, 6, NULL, '9847018209', 1, 2020, '', '9847612663', 'GANDHINAGAR MAYAPPALLAM KANJIKODE PO PALAKKAD 678621', 'B+'),
('10548', 'M', 'ABHINAV.G', NULL, 6, NULL, '9544672824', 1, 2020, '', '9605264789', 'SALABHAM HOUSE THENUR PO PARALI PALAKKAD 678612', 'A+'),
('10669', 'M', 'ABIN R', NULL, 6, NULL, '9497523500', 1, 2020, '', '9447834417', 'VADAKKETHARA HOUSE KALAPETTY PO KUZHALMANNAM PALAKKAD 678702', 'A+'),
('10673', 'M', 'JOEL THOMAS AUGUSTINE', NULL, 6, NULL, '8281305075', 1, 2020, '', '9496572487', 'ARACKAL(HO),NANDANKIZHAYA,ANAMARI(PO), PALAKKAD(DIST)', 'O+'),
('10549', 'M', 'KIRAN KUMAR.S', NULL, 6, NULL, '9656597839', 1, 2020, '', '7012402523', 'CHERIKKAL HOUSE,PAZHAMBALACODE (PO) PALAKKAD 678544', 'O+'),
('10536', 'M', 'MIDHUN M ', NULL, 6, NULL, '9895572822', 1, 2020, '', '9388268232', 'mukundalayam,surabhi nagar,pudussery po 678623', 'B+'),
('10586', 'M', 'MIDHUN KRISHNA T J', NULL, 6, NULL, '9605374020', 1, 2020, '', '9961348917', 'THUNDIPARAMBIL HOUSE KADAMAKUDY PIZHALA PO ERANAKULAM 682027', 'O+'),
('10628', 'M', 'MUHAMMAD HARIS H', NULL, 6, NULL, '9562670535', 1, 2020, '', '9847240535', 'PANNICODE PANAYUR(PO) ATHICODE POLPULLY PALAKKAD 678552', 'O-'),
('10687', 'M', 'MUHAMMAD SAFVAN ', NULL, 6, NULL, '8606551539', 1, 2020, '', '9605963010', 'CHEERATHADAYAN HOUSE MUNDEKKARAD MANNARKKAD PALAKKAD 678582', 'A+'),
('10619', 'M', 'NAKUL N', NULL, 6, NULL, '9495225728', 1, 2020, '', '9446964361', 'KUNNATHU VEEDU,GANDHI JUNCTION,ALATHUR(P.O),PALAKKAD,678541', 'O+'),
('10569', 'M', 'NAZRIN ADAM ', NULL, 6, NULL, '8078173320', 1, 2020, '', '9744073322', 'AARAMAM HOUSE VIDYANAGAR ANICODE CHITTUR POST PALAKKAD 678101', 'O+'),
('10890', 'M', 'NIDHUN R DILEEP ', NULL, 6, NULL, '9048146795', 1, 2020, '', '9388459704', 'S G COTTAGE KANJIRAMKULAM PO TRIVANDRUM 695506', 'O+'),
('10649', 'M', 'NIKHIL KRISHNA.K', NULL, 6, NULL, '9946229226', 1, 2020, '', '9946229226', 'MARUTHAMKUNNU(HO)CHIMBUKADU(PO)KUTHANNUR PALAKKAD 678721', 'A+'),
('10637', 'M', 'PRAJITH E U', NULL, 6, NULL, '9645270257', 1, 2020, '', '9946088879', 'EACHAMPURA(HO)KINAVALLUR(WEST) PARALI(PO)PALAKKAD', 'A+'),
('10555', 'M', 'PRANAV.J', NULL, 6, NULL, '8304847489', 1, 2020, '', '9048010362', 'EDUPPUKULAM,P.O,MENONPARA,PALAKKAD,678556', 'B+'),
('10651', 'M', 'RAGESH AR', NULL, 6, NULL, '9946562953', 1, 2020, '', '9946562953', 'ANJUMOORTHY HOUSE KIZHAKKUMPURAM POST MANNUR 678642', 'O+'),
('10685', 'M', 'RANJITH.R', NULL, 6, NULL, '9562156910', 1, 2020, '', '9048269137', 'Thathamangalam(H),manthoni,poonchola(p.o),palakkad,mannarkkad', 'O+'),
('10683', 'M', 'RASHID MON P', NULL, 6, NULL, '8606366252', 1, 2020, '', '8606659868', 'PALOLI HOUSE, KUNDURKKUNNU (P.O),MANNARKKAD,PALAKKAD-678583', 'B+'),
('10686', 'M', 'RAWBIN K R', NULL, 6, NULL, '8078700373', 1, 2020, '', '9446451373', 'KUNNUMPURATHU HOUSE,KARIMBA PO,MANNARKKAD, PALAKKAD 678597 ', 'A+'),
('10747', 'M', 'SAJANA K R', NULL, 6, NULL, '8606929106', 1, 2020, '', '8606495613', 'KOTTUVALA HO CHALLIPARAMBU PO PALAKKAD 678686', 'AB+'),
('10729', 'M', 'SARANG M', NULL, 6, NULL, '8289908168', 1, 2020, '', '9447835802', 'MULAKKA PARAMBIL HOUSE VADANAMKURUSSI PO PATTAMBI PALAKKAD 679121', 'O+'),
('10592', 'M', 'SARATH A', NULL, 6, NULL, '9446636046', 1, 2020, '', '9747406046', 'EDAPARAMBATH HOUSE KOZHIKOTTIRI PO PATTAMBI PALAKKAD 679303', 'O+'),
('10764', 'M', 'SAYANDH M ', NULL, 6, NULL, '9048905880', 1, 2020, '', '9446386203', 'MUTHUKAD HOUSE KINASSERY PO PALAKKAD 678701', 'AB-'),
('10682', 'M', 'SHIJIN K', NULL, 6, NULL, '9605722650', 1, 2020, '', '9605770736', 'KALAMPARAMBIL(HO),KUNDOORKUNNU(PO),MANNARKKAD, PALAKKAD(DIST) 678583', 'AB+'),
('10866', 'M', 'SOLAMAN J', NULL, 6, NULL, '9846613590', 1, 2020, '', '9447147789', 'JOPIBHAVAN KARAIKKVILA UCHAKKADA PO TRIVANDRUM 695506', 'B+'),
('10809', 'M', 'SREEJITH P S', NULL, 6, NULL, '9656517692', 1, 2020, '', '9961828604', 'PANAPARAMBIL HOUSE METHALA PO KODUNGALOOR THRISSUR 680669', 'O+'),
('10883', 'M', 'SREEKANTH.S', NULL, 6, NULL, '8157041658', 1, 2020, '', '9605561386', 'KANNEL[HO],K.SPURAM,CLAPPANA[PO],KARUNAGAPALLY, KOLLAM[DIST],690525', 'B+'),
('10618', 'M', 'SUHAIL K S', NULL, 6, NULL, '9656355486', 1, 2020, '', '8848227510', 'HALEEMA MANZILTHOTTAPURA AKATHETHARA POST PALAKKAD 678008', 'O+'),
('10643', 'M', 'SUJITH A', NULL, 6, NULL, '7591953141', 1, 2020, '', '9048171307', 'ALIKKAPARAMBIL(H) KALLUVAZHY(PO) PALAKKAD 679514', 'O+'),
('10652', 'M', 'SUMITH M', NULL, 6, NULL, '8138062843', 1, 2020, '', '9746061096', 'THEKKINKKADU(H) PERUVEMBA(PO) PALAKKAD 678531', 'B+'),
('10600', 'M', 'SYED AFSAL .M', NULL, 6, NULL, '7994099220', 1, 2020, '', '9207979220', 'KUNNAM KALATHIL(H),COYALMANNAM,PALAKKAD 678702', 'A+'),
('10577', 'M', 'UJWALDEV V M', NULL, 6, NULL, '7356265540', 1, 2020, '', '9495397788', 'VILAKKANAMKODE HOUSE PATTANCHERY PO PALAKKAD 678532', 'B+'),
('10543', 'M', 'VIGNESH.A', NULL, 6, NULL, '8113922216', 1, 2020, '', '9747739509', 'ADIYATH(HO),THRIKKALLOOR(PO)MANNARKKAD, PALAKKAD(DIST) 678593', 'A+'),
('10580', 'M', 'VISHNU N U', NULL, 6, NULL, '7902502577', 1, 2020, '', '9562864457', 'NEDUMANNIL HOUSE VALIKKODE KALLADIKKODE PO PALKKAD 678596', 'B+'),
('10573', 'M', 'VISHNU.V', NULL, 6, NULL, '8547835128', 1, 2020, '', '9496574155', 'KANJIRAPARAMBU(HO),PALLASSANA(PO), PALAKKAD(DIST) 678505', 'B+'),
('9296', 'M', 'AABINDH.A', NULL, 1, 'aabindherat@gmail.com', '8593907731', 1, 0, '', NULL, NULL, NULL),
('10578', 'M', 'Aarcha A', NULL, 1, NULL, '9895269148', 1, 2020, '', '9895692333', 'Puthen veedu ,Upasana nagar,Pirayiri PO,Palakkad ', 'O+ve'),
('10749', 'M', 'Abhijith B', NULL, 1, NULL, '9544191353', 1, 2020, '', '8089382388', 'Bose villa, Chebath HO , Ethanur, Koduvayur, Palakkad', 'B+ve'),
('10755', 'M', 'Akhil B ', NULL, 1, NULL, '7293424394', 1, 2020, '', '9495396208', 'Kallittampuram HO , Kothamangalam, Kuthanur PO, Palakkad', 'O+ve'),
('10723', 'M', 'Akhil P', NULL, 1, NULL, '9809834497', 1, 2020, '', '9645319465', 'Valmutty colony, Chittur PO, Palakkad ', 'B+ve'),
('10647', 'M', 'Akhila R', NULL, 1, NULL, '9656998650', 1, 2020, '', '9526882931', 'Kallikkad , Pallipuram PO, Palakkad ', 'O+ve'),
('10666', 'M', 'Aleesha N P', NULL, 1, NULL, '7902526711', 1, 2020, '', '9745921678', 'Nettilampirath HO, Manassery PO, Mukkam,Calicut, 673602', 'O+ve'),
('10819', 'M', 'Aneesh M', NULL, 1, NULL, '8138064769', 1, 2020, '', '8129513078', 'Malampalla HO, Pallassana PO, Palakkad, 678505', 'notgive'),
('10736', 'M', 'Ansar A', NULL, 1, NULL, '7591963230', 1, 2020, '', '8547239862', 'Padinhare Maliyekal HO, Thachampara PO, Palakkad', 'B+ve'),
('10605', 'M', 'Anu K U', NULL, 1, NULL, '9497639291', 1, 2020, '', '9446944291', 'Kothamangalam HO, Vadakkethara, Puthussery, Palakkad, 678623', 'O+ve'),
('10674', 'M', 'Anupama A S', NULL, 1, NULL, '9048808213', 1, 2020, '', '9048254838', 'Asariparambil HO, Vallikkadu, Vazhikkadavu PO,Nilambur, Malappuram,679333', 'O+ve'),
('10757', 'M', 'Anupama K P', NULL, 1, NULL, '9495749396', 1, 2020, '', '9447939942', '\"Anusree\" (near) F C I colony Industrial Estate PO, Palakkad, 678731', 'notgive'),
('10559', 'M', 'Archana V K', NULL, 1, NULL, '8138055532', 1, 2020, '', '9562627290', 'Valiparambu HO, Odanur, Parli PO, Palakkad', 'A+ve'),
('10701', 'M', 'Archana P', NULL, 1, NULL, 'notgiven', 1, 2020, '', '9895301096', 'Anthoorkavu HO, Kinassery PO, Palakkad', 'B+ve'),
('10765', 'M', 'Arjun K H', NULL, 1, NULL, '9605530398', 1, 2020, '', '9745633541', 'Kaikkottil HO, Karimba PO, Palakkad', 'O+ve'),
('10771', 'M', 'Arun K ', NULL, 1, NULL, '9746730043', 1, 2020, '', '9567424106', 'Kulavarmbu HO, Uppuzhy, Pampampallam PO, 678621', 'AB+ve'),
('10781', 'M', 'Ashith Ajayakumar', NULL, 1, NULL, '9947541276', 1, 2020, '', '9744695433', 'Tharachavalappil HO,Muringeri PO, Anjarakandy, Kannur,670612', 'O+ve'),
('10610', 'M', 'Ashna S M', NULL, 1, NULL, '8547405179', 1, 2020, '', '9895823179', 'Plavila Angel Nivas, N G O colony, Kallepully PO,Palakkad', 'O+ve'),
('10636', 'M', 'Aswathy A', NULL, 1, NULL, 'notgiven', 1, 2020, '', '9539875234', 'Aswathy Nivas, Mythri Nagar, Chekkinipadam, Akathethara PO, Palakkad', 'O+ve'),
('10557', 'M', 'Athira C K', NULL, 1, NULL, 'notgiven', 1, 2020, '', '8281217019', 'Chelambath HO, Karippode PO, Palakkad', 'B+ve'),
('10603', 'M', 'Athira K R', NULL, 1, NULL, '9061550719', 1, 2020, '', '8281618461', 'Kolakkottil HO, Elambulassery PO, Karakurassi, Palakkad', 'B+ve'),
('10823', 'M', 'Athul K', NULL, 1, NULL, '9961473249', 1, 2020, '', '9961799481', 'Mannath HO,Koppam,Palakkad', 'O+ve'),
('10576', 'M', 'Farsana N S', NULL, 1, NULL, '8943131202', 1, 2020, '', '9048953427', 'Nellikunnath HO, Mucheeri PO, Kongad, Palakkad', 'notgive'),
('10869', 'M', 'Fasaludheen K A', NULL, 1, NULL, '9846410780', 1, 2020, '', '8606144783', 'Kongassery HO,Kodikarimbu,Kairadi PO, Palakkad', 'B+ve'),
('10882', 'M', 'Gokulkrishnan K', NULL, 1, NULL, '7356996547', 1, 2020, '', '9747011399', 'Kunnath HO, Kottapuram PO, Sreekrishnapuram (Via), Palakkad', 'A+ve'),
('10863', 'M', 'Haritha K ', NULL, 1, NULL, '8089628969', 1, 2020, '', '9744270987', '\"Sugathi\" HO, Arakkinar PO, Kozhikode-28', 'O+ve'),
('10630', 'M', 'Haritha T S', NULL, 1, NULL, '8078476526', 1, 2020, '', '9446517609', 'Theyyan Veedu HO, Katampazhipuram PO, Palakkad, 678633', 'B+ve'),
('10680', 'M', 'Irfana K P', NULL, 1, NULL, '7909234819', 1, 2020, '', '9947790164', 'Kalladi Puthanpura HO, Pulakkal kadavu, Pullissery PO, Palakkad, 678582', 'notgive'),
('10766', 'M', 'Joyson M Varghese', NULL, 1, NULL, '8921961014', 1, 2020, '', '7558806203', 'Thekkumurri HO, Nallepilly', 'B+ve'),
('10728', 'M', 'Justin George', NULL, 1, NULL, '7293050825', 1, 2020, '', '9605422263', 'Pandiala Padavil HO, Kalladikode PO, Palakkad, 678596', 'O+ve'),
('10733', 'M', 'Karthika J Prakash', NULL, 1, NULL, '8921964508', 1, 2020, '', '9745415013', 'Dheepam HO, Punchakode, Elappully PO, Palakkad, 678622', 'O+ve'),
('10570', 'M', 'Kiran M', NULL, 1, NULL, '8136897527', 1, 2020, '', '9995419334', 'Karimkulam HO, Elavancherry PO, Palakkad, 678508', 'O+ve'),
('10732', 'M', 'Krishna Priya M A', NULL, 1, NULL, '9539865594', 1, 2020, '', '9497643670', 'Priyam HO, 17/603(4), Muncipal Quarters Near Civil Station, Kallekkad, Palakkad', 'O-ve'),
('10881', 'M', 'Muhammed Shafeeq S', NULL, 1, NULL, '7025643624', 1, 2020, '', '9846474044', 'Valiyachalla HO, Govindapuram PO, Palakkad, 678507', 'B+ve'),
('10660', 'M', 'Muhammed Asif K', NULL, 1, NULL, '8139803558', 1, 2020, '', '9747378446', 'Kizhakkethil HO, Kumaramputhur PO, Thazhe Ariyoor, Mannarkkad, Palakkad, 678583', 'notgive'),
('10795', 'M', 'Nandakumar M', NULL, 1, NULL, '7034462215', 1, 2020, '', '9809322991', 'Mookanpatte HO, Karakurussi PO, Palakkad, 678595', 'B+ve'),
('10792', 'M', 'Nandhu Paraprath', NULL, 1, NULL, '9746510634', 1, 2020, '', '9496145672', 'Paraprath HO, kinavakkal PO, Kottayam Malabar, Kannur, 670643', 'O+ve'),
('10887', 'M', 'Neenu M', NULL, 1, NULL, '7593946098', 1, 2020, '', '9745893739', 'Mudikkunnil HO, Kottopppadam PO, Mannarkkad, Palakkad', 'notgive'),
('10806', 'M', 'Raja V', NULL, 1, NULL, '8594007895', 1, 2020, '', '9745066447', 'Velligiri HO, S T colony, Chandrapuram PO, Pudussery east, Walayar, 678624', 'A+ve'),
('10615', 'M', 'Sajith M', NULL, 1, NULL, '9061992946', 1, 2020, '', '9847820249', 'Kavadikkaranpallam HO, Nattukal PO, Palakkad', 'A+ve'),
('10870', 'M', 'Sanjay J', NULL, 1, NULL, '9809980810', 1, 2020, '', '9544813549', 'Methankode HO, Vandazhi PO, Palakkad', 'O+ve'),
('10692', 'M', 'Sanooj P', NULL, 1, NULL, '7592860635', 1, 2020, '', '9048636794', 'Pottekkad HO, Kalluvazhi PO, Palakkad, 679514 ', 'B+ve'),
('10860', 'M', 'Saran E R', NULL, 1, NULL, '8137852946', 1, 2020, '', '9446871595', 'Edathiparambil HO, Cheruvaloor PO, Valoor, Thrissur, 680308', 'A+ve'),
('10579', 'M', 'Shajith P S', NULL, 1, NULL, '7356288665', 1, 2020, '', '8891984284', 'Shaiha Manzil, Ambalappuram, West Yakkara, Palakkad, 678001', 'A+ve'),
('10629', 'M', 'Shibin M', NULL, 1, NULL, '9809713739', 1, 2020, '', '9809713739', 'Paramooliparambu HO, Panayur PO, Polpully, Palakkad', 'O+ve'),
('10547', 'M', 'Silpa S ', NULL, 1, NULL, '9544793418', 1, 2020, '', '9605040683', 'Cherikkal HO, Pazhambalacode PO, Alathur, Palakkad', 'AB+ve'),
('10611', 'M', 'Soumya S', NULL, 1, NULL, 'notgiven', 1, 2020, '', '9961009963', 'Velichappad HO, Vadukathara, Erimayur PO, Palakkad, 678546', 'A+ve'),
('10718', 'M', 'Sreedevi M S ', NULL, 1, NULL, 'notgiven', 1, 2020, '', '9446941326', 'Melethil HO, Parumkulamkara, Kottayi PO, Palakkad, 678572', 'O+ve'),
('10582', 'M', 'Sreejith V R', NULL, 1, NULL, '9207835389', 1, 2020, '', '9961665715', '\"Sree Lakshmi Nivas\" Vadakkethil HO, Paruthipully PO, Palakkad, 678573', 'B+ve'),
('10641', 'M', 'Sujithra R', NULL, 1, NULL, '7510900598', 1, 2020, '', '9061842958', 'Chundaparambu HO, Cherukulam PO, Kottayi, Palakkad', 'notgive'),
('10662', 'M', 'Suwaina D', NULL, 1, NULL, '7034850614', 1, 2020, '', '9947115785', 'Mini Ponnani HO, Chinnappalli street, Pudunagaram, Palakkad, 678503', 'B+ve'),
('10638', 'M', 'Swathy S', NULL, 1, NULL, '7561862331', 1, 2020, '', '9947453711', '\"Sruthi Nivas\", Kozhiparambu, Vadakkanthara PO, Palakkad', 'B+ve'),
('10852', 'M', 'Vishnuprasoon N P', NULL, 1, NULL, '8281334270', 1, 2020, '', '9446764030', 'Nadumurry HO, Methala PO, Kodungallur, Thrissur,680669', 'B+ve'),
('10650', 'M', 'Vismaya K M ', NULL, 1, NULL, '9072483913', 1, 2020, '', '9946791863', 'Kunnamparambil HO, Cherukulam PO, Kottayi, Palakkad', 'B+ve'),
('10705', 'M', 'Vismaya E R', NULL, 1, NULL, '8157066289', 1, 2020, '', '9562335294', 'Erattakkal HO, Kalladikode PO, Palkkad, 678596', 'O+ve'),
('10695', 'M', 'Vyshna Mohan N ', NULL, 1, NULL, '7025941990', 1, 2020, '', '9446791255', 'Neerittilingal HO, Kottoppadam PO, Mannarkkad, Palakkad', 'O-ve'),
('10933', 'M', 'VISHNU V ', NULL, 1, NULL, '7592078923', 1, 2020, '', '8943478923', 'Pulickal house, V K Nagar, Chittalamchery, Palakkad', 'O+ve'),
('E0132', 'M', 'REMYA T', NULL, 3, 'remyaprasanth1990@gmail.com', '9946666196', 1, 0, '', NULL, NULL, NULL),
('10124', 'M', 'ARUN.G', NULL, 4, 'arunpavisankar@gmail.com', '8943876327', 1, 0, '', NULL, NULL, NULL),
('9242', 'M', 'ARSHA K', NULL, 5, 'arsharam@1991gmail.com', '8281917152', 1, 0, '', NULL, NULL, NULL),
('10146', 'M', 'ROHIL K', NULL, 5, 'rohil4r@gmail.com', '8943014805', 1, 0, '', NULL, NULL, NULL),
('10384', 'M', 'MIDHUN.C', NULL, 3, 'MIDHUPONNUZ@GMAIL.COM', '9633128154', 1, 0, '', NULL, NULL, NULL),
('10930', 'M', 'ALAN P TOM', NULL, 2, 'alanptom000@gmail.com', '8943526828', 1, 0, '', NULL, NULL, NULL),
('E746', 'M', 'ABIJITH M', NULL, 6, '', '9447701204', 1, 0, '', NULL, NULL, NULL),
('10516', 'M', 'VIGNESH.V.G', NULL, 5, 'vickyvignesh8086@gmail.com', '8086748437', 1, 0, '', NULL, NULL, NULL),
('10702', 'M', 'SHARAFUDHEEN.VT', NULL, 6, '', '9747657379', 1, 0, '', NULL, NULL, NULL),
('000', 'M', 'PAVURDEEN.K', NULL, 5, 'pavurdeen@yahoo.com', '9447838722', 1, 0, '', NULL, NULL, NULL),
('10937', 'M', 'AMEEN.P.SIDHIK', NULL, 2, 'ameenatj1@gmail.com', '9061491349', 1, 0, '', NULL, NULL, NULL),
('E528', 'M', 'PRADEESH K', NULL, 5, 'pradeeshk567@gmail.com', '9048707373', 1, 0, '', NULL, NULL, NULL),
('8093', 'M', 'NOUSHAD M', NULL, 5, 'noushad.rock@gmail.com', '8136897231', 1, 0, '', NULL, NULL, NULL);
INSERT INTO `student` (`admissionno`, `gender`, `name`, `regno`, `departmentid`, `email`, `mobile`, `batch`, `passoutyear`, `guardianname`, `parentmobile`, `address`, `bloodgroup`) VALUES
('9283', 'M', 'FASIL VP', NULL, 6, 'fasilvp786@gmail.com', '9061528922', 1, 0, '', NULL, NULL, NULL),
('8763', 'M', 'SUJITH C S', NULL, 6, 'sujithc02@gmail.com', '9544318941', 1, 0, '', NULL, NULL, NULL),
('10993', 'M', 'NIJIN.C', NULL, 4, NULL, '9526231186', 1, 2021, 'CHANDRAPRAKASH', '9746099721', 'MUTHIRAMPALLAM, ELAPPULLY, PALAKKAD', 'O +'),
('467', 'M', 'APARNA T S', NULL, 1, 'sunilkumarkumar36977@gamil.Com', '8921592518', 1, 0, '', NULL, NULL, NULL),
('468', 'M', 'SRUTHY.P', NULL, 1, 'sruthypkd2000@ gamil.Com', '9656605843', 1, 0, '', NULL, NULL, NULL),
('10992', 'M', 'ABHIJITH .M', NULL, 3, NULL, '', 1, 2021, 'MANIKANDAN.K.P', '9946970577', 'ANDATHUKAD HOUSE MATHUR AGRAHARAM POST PIN 678571', ''),
('E762', 'M', 'K.RAJESH', NULL, 6, '', '7356615455', 1, 0, '', NULL, NULL, NULL),
('10991', 'M', 'JAYAPRAKASAN .P', 18080026, 5, NULL, '9746304507', 1, 2021, 'RUGMINI', '8111896508', 'MANDAM HO, VAKKAATHARA , THENKURISSI POST, PALAKKAD DIST 678671', 'B+'),
('E486', 'M', 'SURESHKUMAR.K', NULL, 1, 'NILASURESH.SK@GMAIL.COM', '8089777853', 1, 0, '', NULL, NULL, NULL),
('10990', 'M', 'ABHIJITH J', NULL, 4, NULL, NULL, 1, 2021, 'JANARDHANAN', '9846199376', 'PULLAMKUNNAM ANIKODE KARIYANKODE POST PALAKKAD', NULL),
('10989', 'M', 'HARINATH. V', NULL, 4, NULL, '', 1, 2021, 'VIJAYAN. C', '8086314130', 'NADUVATHUKULAMBU KARIPPODE PUDUNAGARAM', 'A +'),
('10797', 'M', 'ABHIJITH.R.S', NULL, 4, '', '7994889635', 1, 0, '', NULL, NULL, NULL),
('10988', 'M', 'SRIHARI.S', 18010612, 1, NULL, '', 1, 2021, 'R.SUBRAMANIAN', '9995327741', 'V.P. THARA, OOTTARA, KOLLENGODE(PO), PALAKKAD(DT)', 'o+ve'),
('10623', 'M', 'SUBHASH  S', NULL, 5, '', '9539568668', 1, 0, '', NULL, NULL, NULL),
('9587', 'M', 'MUHAMMED SHAIJAL E', NULL, 2, 'eshaijal97@gmail.com', '8893273553', 1, 0, '', NULL, NULL, NULL),
('10986', 'M', 'SUNAND S', NULL, 4, NULL, '9946742433', 1, 2021, 'SIVADAS K A', '8086857979', 'KOLLOAMPULLY HO,NAMPULLIPURA PO,MUNDUR,PALAKKAD', 'O +'),
('10865', 'M', 'ANANDHU L', NULL, 3, 'ANANDHULAL449@GMAIL.COM', '7902552116', 1, 0, '', NULL, NULL, NULL),
('10985', 'F', 'VISMAYA . V', 18010620, 1, NULL, '', 1, 2021, 'VISWANATHAN . K', '9207693274', 'PORICHOLAM NENMENI POST KOLLENGODE PALAKKAD', 'o+ve'),
('10984', 'M', 'JISHNU S', NULL, 6, NULL, NULL, 1, 2021, 'SIVAN', '9747160397', 'SIVANILAYAM HOUSE THANKAM COLONY MOZHIPULAM THIRUNELLAYI PO PALAKKAD', NULL),
('10983', 'M', 'SANJAI.C.M', 18010602, 1, NULL, '', 1, 2021, 'MURUGESAN.C', '9446789323', '8/200(1) KULATHUMEDU VADAKKATHARA CHITTUR (PO) PALAKKAD', 'o+ve'),
('10982', 'M', 'VIGNESH K', NULL, 6, NULL, NULL, 1, 2021, 'SREEDHARAN', '9809785953', 'KOTHANATH HOUSE EDATHARA P. O. PALAKKAD', NULL),
('10926', 'M', 'MOHAMMED SHAMEER.B', NULL, 2, 'SHAMEERMULLAKKALgmail.com', '8547027385', 1, 0, '', NULL, NULL, NULL),
('10981', 'F', 'ARCHANA. S', 18010574, 1, NULL, '9947906053', 1, 2021, 'SUKUMARAN', '9544410083', '8/368, MAMMILIKKAD, PALATHULLY, PERUVEMBA, PALAKKAD', 'a+ve'),
('10980', 'M', 'KIRAN. J', NULL, 6, NULL, NULL, 1, 2021, 'JYOTHIPRAKASH.K', '8111965886', 'KANNATH HOUSE,PALLANCHATHANUR POST,MATHUR ,PALAKKAD', NULL),
('10233', 'M', 'SANJAI J', NULL, 4, 'Sanjaisanju23@gmail.com', '8129538524', 1, 0, '', NULL, NULL, NULL),
('10295', 'M', 'AKASH P M', NULL, 6, 'akashmon863@gmail.com', '9747871614', 1, 0, '', NULL, NULL, NULL),
('8436', 'M', '', NULL, 2, '', '8157010256', 1, 0, '', NULL, NULL, NULL),
('E405', 'M', 'VIVEK.K.S', NULL, 6, '', '', 1, 0, '', NULL, NULL, NULL),
('10979', 'M', 'SABIN SASIDHARAN', NULL, 6, NULL, NULL, 1, 2021, 'SASIDHARAN. P', '9061642010', 'perumaladykalam,eduppukulam,p.o menonpara palakkad', NULL),
('E0106', 'M', 'KRISHNA PRASAD P K', NULL, 3, 'krishvallikode@gmail.com', '9895484853', 1, 0, '', NULL, NULL, NULL),
('E436', 'M', 'VINEETHKUMAR V', NULL, 6, 'vineethalathur88@gmail.com', '9947350671', 1, 0, '', NULL, NULL, NULL),
('10978', 'M', 'ABIJITH .S', NULL, 4, NULL, '701207447', 1, 2021, 'SELVARAJAN.C', '98895419914', 'west house, kallepully palakkad', 'O +'),
('10977', 'M', 'ASWANATH CK', NULL, 6, NULL, NULL, 1, 2021, 'RAMESHAN CK', '9567882775', 'Saraswathy nivas,lenin nagar,Erattayal,Marutharoad(P.O),Palakkad', NULL),
('10975', 'M', 'ABHIJITH J', NULL, 4, NULL, NULL, 1, 2021, 'JAGADHEESH K C', '9207612410', 'MUTHUKAD HOUSE KINASSERY POST PALAKKAD 678701', NULL),
('10976', 'M', 'VISHNU.K.N', NULL, 4, NULL, '7558912527', 1, 2021, 'NARAYANANKUTTY.K', '9807028547', 'KOZHIYOTTIL HOUSE SREEKRISHNAPURAM POST SREEKRISHNAPURAM PALAKKAD', ''),
('10974', 'M', 'SUBHASH B', 18010614, 1, NULL, '', 1, 2021, 'BALAKRISHNAN K', '9633508501', 'PULAYAPADAM, OLASSERY, KODUMBU, PALAKKAD', 'o+ve'),
('10973', 'M', 'DERRIK BRENDAN PEARL', NULL, 4, NULL, '9746297028', 1, 2021, 'BRIAN CHARLES PEARL', '8891257585', 'Pearl villa, Happy Nagar, Industrial Estate Post, Palakkad', 'B +'),
('10971', 'M', 'PRATHYUL C.R', 18080040, 5, NULL, '8129239693', 1, 2021, 'RAVINDRAN.K', '9747715360', 'CHOZHAN HOUSE, KALLUKUTTIYAL, POLUPULLY PO, PALAKKAD', 'A+'),
('10972', 'M', 'MANI KUMAR.M', NULL, 6, NULL, NULL, 1, 2021, 'MATHIYAZHAKAN.K', '9447122103', 'Manikumar s/o Mathiyazhakan,pezhumkad,kallingal,thiruvalathoor(po),kodumbu,palakkad', NULL),
('10970', 'M', 'VINEETHKRISHNAN. N', NULL, 4, NULL, '9495562508', 1, 2021, 'LATHA.P.K', '9544346877', 'NAYPULLY HOUSE VEERAMANGALAM P O', ''),
('10969', 'M', 'NIHAL Y', NULL, 6, NULL, NULL, 1, 2021, 'YOUSAF M A', '9037718701', 'KANJIRATHU PARAMBU HOUSE 5TH MILE EDATHARA POST PALAKKAD', NULL),
('10967', 'M', 'AJAYDAS.G', NULL, 4, NULL, '9656627446', 1, 2021, 'GOKULADASAN. N', '9947259094', 'GOKULAM POOVAKODE,KANNADI PO,PALAKKAD', 'B +'),
('10966', 'F', 'SRUTHI.D', 18010613, 1, NULL, '7592011551', 1, 2021, 'DAMODHARAN', '9947699276', 'KOZHINHIRAMKAD, PALLATHERY, PALAKKAD', 'o+ve'),
('10965', 'F', 'ALANYA RAGA P A', 18010568, 1, NULL, '9072756537', 1, 2021, 'ANIL P V', '9495136537', 'CHERUKATTUKUNNATH HOUSE NOCHUPPULLY POST CHOOLIPADAM PALAKKAD 678592 KERALA', 'a+ve'),
('10964', 'F', 'ANJANA C A', 18010572, 1, NULL, '9895582726', 1, 2021, 'AJAYAKUMAR C K', '9947145257', 'CHALAMPATTA HOUSE, KARIMBA PO, PALLIPPADI, PALAKKAD DISTRICT', 'a+ve'),
('10963', 'F', 'MALINI.V.M', NULL, 2, NULL, NULL, 1, 2021, 'MANIKKAN', '9633700212', 'VADAKKE VEEDU, KOOVALAMKADU, ODANUR, PARLI(PO), PALAKKAD.', NULL),
('10961', 'M', 'PRADHUL KS', NULL, 6, NULL, NULL, 1, 2021, 'KALLIANI K', '7356452609', 'KARKULATHIL HOUSE, VAKKODAN, MUTHUKURUSSI POST, PALAKKAD DIST', NULL),
('10962', 'M', 'ADARSH K A', NULL, 4, NULL, '8075322811', 1, 2021, 'ANANDHAN K A', '9446517094', 'Swapnalayam, Siva Nagar, Akathethara,Palakkad', 'O +'),
('10960', 'F', 'VISHNUPRIYA.R', NULL, 3, NULL, '', 1, 2021, 'RAJAN.M', '7994661972', 'Kavuvattam, Kannadi po, palakkad 678701', ''),
('10959', 'M', 'ABHILASH . V', NULL, 6, NULL, NULL, 1, 2021, 'VISWANATHAN . R', '9961047681', 'DEVI NIVAS VAKKAD KINASERRY KANNADI (PO )PALAKKAD', NULL),
('10958', 'M', 'SOORAJ K', NULL, 6, NULL, NULL, 1, 2021, 'KANNAN K', '9288500665', '2/130 sooryathajus nakshthra nagar pirivusala chandranagar (po) 678007', NULL),
('10956', 'F', 'SNEHA . N . S', 18010607, 1, NULL, '', 1, 2021, 'SOMAN', '9744354943', 'NADAKKAVU HOUSE, PALLANCHATHANUR POST, PALAKKAD', ''),
('10957', 'M', 'AKSHAY KRISHNA . K', NULL, 6, NULL, NULL, 1, 2021, 'KRISHNANKUTTY . V', '9744104631', 'MOOCHIKKALORAM HOUSE,KARIPPODE PO,PALAKKADDT,KERALA,PIN- 678503', NULL),
('10954', 'F', 'SUSMITHA.S', NULL, 3, NULL, '', 1, 2021, 'SUNDARAN.P', '8086143352', 'KANALMEDU,KONGAPPADAM,AKATHETHARA(P.O),PALAKKAD PIN:678008', ''),
('10955', 'M', 'SREEJITH.R', NULL, 6, NULL, NULL, 1, 2021, 'C.K RAJENDRAN', '9539289986', 'MARIYAMMA NIVAS, KARUKODI PALAYAM, VADAKKANTHARA(P.O), PALAKKAD', NULL),
('10953', 'M', 'ANEESHKUMAR.G', 18150014, 2, NULL, '', 1, 2021, 'GURUVAYURAPPAN', '8593089376', 'NOMBIKODE PARA ELAPPULLY PO PALAKKAD', ''),
('10952', 'M', 'ABHIJITH. S', NULL, 4, NULL, NULL, 1, 2021, 'SWAMI.S', '9447997052', 'PULIKIKAL HOUSE, PADINJATHARA, KUDALLUR PO, PALAKKAD DT', NULL),
('10951', 'M', 'SYAMKRISHNA A U', NULL, 6, NULL, NULL, 1, 2021, 'SHEEBHA P D', '9495878844', 'ATTINGAL HOUSE, PARAKALAM, NALLEPILLY POST', NULL),
('10950', 'M', 'ALTHAF.H', NULL, 6, NULL, NULL, 1, 2021, 'HAKKIM.A', '9447620835', 'BISMI HOUSE ,THUMBICHIRA,THATHAMANGALAM ,PALAKKAD', NULL),
('10948', 'F', 'SILVIYA PETER', NULL, 1, NULL, NULL, 1, 2021, 'PETER . E', '9544352448', 'PUTHEN VEEDU, PUTHUPALAYAM, C N PURAM PO, PALAKKAD - 678005', NULL),
('10947', 'M', 'RAKESH LAL. K.N', 18150040, 2, NULL, '9072472470', 1, 2021, 'NALENDRAN. K.R', '9446725426', 'koottappura,kolpadam,manikkassery(p.o),kongad,palakkad', 'A+'),
('10939', 'M', 'NIRANJAN V S', 18010597, 1, NULL, '', 1, 2021, 'SUDHAKARAN V C', '8330063804', 'VALAYAKKAD HOUSE NOCHIPULLY POST MUNDUR PALAKKAD', 'A+ve'),
('10940', 'M', 'SUJIN KRISHNA C', NULL, 4, NULL, '9188273977', 1, 2021, 'CHANDRASEKHARAN K', '9539224477', 'kadungorth house chemmankad kannadi po palakkad', 'B +'),
('10941', 'M', 'SOURAV R NAIR', NULL, 6, NULL, NULL, 1, 2021, 'REJI T', '9496293149', 'ARRAPURACKAL HOUSE, SGNRA C-36A,BHAJANAMADAM ROAD, SEKHARIPURAM PO, PALAKKAD', NULL),
('10942', 'M', 'PRAVEEN RAJ J', NULL, 6, NULL, NULL, 1, 2021, 'JAYAPRAKASH K', '7561861897', 'PERANTHA ROAD MARIYAPPADAM ELAVAMPADAM POST PALAKKAD', NULL),
('10943', 'M', 'ALFAYAS A', NULL, 4, NULL, '7994361313', 1, 2021, 'AL FAROOK', '8848868737', 'SARA MANZIL POTHAMPADAM MUTHALAMADA P O, PALAKKAD', 'A +'),
('10944', 'M', 'SANJU .U', NULL, 3, NULL, '', 1, 2021, 'UNNIKRISHNAN', '9747285189', 'PERANPADAM , MANGODE, PUDUNAGARAM PO, 678503, PALAKKAD', ''),
('10945', 'M', 'AKHIL . A', NULL, 6, NULL, NULL, 1, 2021, 'APPU . C', '9605144580', 'MEPPAD VEEDU, CHERUNGOTUKAVE, AKATHETHARA, PALAKKAD, 678008', NULL),
('10946', 'M', 'SREEJITH.R', NULL, 6, NULL, NULL, 1, 2021, 'RAJAKRISHNAN.S', '7994358258', 'NAMBALLAM HOUSE,KOTTEKKAD(P.O) PALAKKAD', NULL),
('11001', 'M', 'ABHIJITH M', NULL, 6, NULL, NULL, 1, 2021, 'MURUGADASAN N', '9895112355', 'SREESURYA KADAMPIDI CHITTUR POST PALAKKAD DIST', NULL),
('11002', 'M', 'NIKHIL. C.M', NULL, 6, NULL, NULL, 1, 2021, 'MANIKANDAN', '9526903848', 'CHOLAYANKUNDU,CHERAYA,PALAKKAD.', NULL),
('11003', 'F', 'SABITHA P', 18150046, 2, NULL, '', 1, 2021, 'SATHYAN P', '7510395051', 'PARAKOTTIL HOUSE KALLAMALA POTTASSERY PALAKKAD 678598', ''),
('11004', 'F', 'SHAFNA K', 18150052, 2, NULL, '', 1, 2021, 'KAJAMOIDEEN A', '9746213565', 'SHAFNA MANZIL ANGAVALI PARAMBU AKATHETHARA PALAKKAD', ''),
('11005', 'M', 'KRISHNAPRAKASH T. M', NULL, 3, NULL, '', 1, 2021, 'RAVINDRAN', '8943646542', 'THIRUNELLIMARATH , KUNDALASSERY ,PALAKKAD 678641', ''),
('11006', 'M', 'ARUN. K', 18080018, 5, NULL, '7293120473', 1, 2021, 'KRISHNAN. K', '9744611613', 'KOZHIKKAD HOUSE, TARUR POST,ALATHUR, PALAKKAD  678544', 'B+'),
('11007', 'M', 'KASSIM SHAMEER. M. A', 18080030, 5, NULL, '9207656612', 1, 2021, 'ABDUL GAFOOR . M', '7558893969', 'MUKKATTIL HOUSE, 14TH MILE , AKALUR POST,PATHIRIPPALA, PALAKKAD 679302', 'A+'),
('11008', 'M', 'VINAY.M', NULL, 6, NULL, NULL, 1, 2021, 'MURALEEDHARAN.K.C', '9567879947', 'MURALEE NIVAS, VELLAROAD, MANKARA P O PALAKKAD KERALA', NULL),
('11009', 'M', 'JITHIN . U', NULL, 6, NULL, NULL, 1, 2021, 'UNNIKRISHNAN. K', '9072508923', 'PANDARAKADU HOUSE ALATHUR POST PALAKKAD DIST 678541', NULL),
('11010', 'F', 'KRIPA .P.G', 18010590, 1, NULL, '', 1, 2021, 'GOPALAKRISHNAN .P.R', '7558022600', 'PADINJAKARA HOUSE KINAVALLUR PARLI POST PALAKKAD', 'o+ve'),
('11011', 'M', 'GOKUL BIJU', NULL, 6, NULL, NULL, 1, 2021, 'BIJU .V.K', '7593090070', 'VELLANAYIL , KALLAMALA P/O ,', NULL),
('11012', 'M', 'SARATH KUMAR.M.P', NULL, 6, NULL, NULL, 1, 2021, 'SUNIL KUMAR.M.P', '9562023981', 'PARIYARATH HOUSE , THOTTARA , KOTTAPPURAM P/O , SREEKRISHNAPURAM VIA', NULL),
('11013', 'M', 'SREEJITH.P', NULL, 3, NULL, '', 1, 2021, 'PRABHAKARAN', '9995140232', 'MAMPULLY VEEDU PETTA ELAPPULLY', ''),
('11014', 'M', 'RENJITH SIVADASAN', NULL, 2, NULL, NULL, 1, 2021, 'SIVADASAN.K.K', '9446296612', '6/343 - ASWATHY , ITI COLONY , KUPPIYODE , MARUTHAROAD PO , PALAKKAD', NULL),
('11015', 'F', 'JINI . D', 18010585, 1, NULL, '', 1, 2021, 'DEVADAS', '9744333906', 'NAVUNJIKODE,PALLASSANA ,KARIPPODE PO,PALAKKAD', 'a+ve'),
('11016', 'M', 'KISHAN P S', 18010589, 1, NULL, '', 1, 2021, 'SETHUMADHAVAN P K', '8921078150', 'PANDATH HOUSE POOTHANUR PO PALAKKAD', 'O+ve'),
('11017', 'M', 'MUHAMMED RAFI. Y', NULL, 4, NULL, '', 1, 2021, 'YOUSEPH. S', '9961363021', 'PUTHIRIPADAM HOUSE CHANTHAPURA, PUTHUCODE P.O PALAKKAD', ''),
('11018', 'M', 'ASIF . M', 18080019, 5, NULL, '9562756812', 1, 2021, 'MOHAMMED .K .M', '9745485296', 'KODIYIL HOUSE KALLANPARAMBU KAIRADY POST PALAKKAD 678510', 'A+'),
('11019', 'M', 'DEVADATHAN P K', 18150019, 2, NULL, '', 1, 2021, 'RADHAKRISHNAN M', '7560836450', 'APPEKKAT HOUSE THACHAMPARA PO MULLATHUPARA', ''),
('11020', 'M', 'RENEESH . G', NULL, 6, NULL, NULL, 1, 2021, 'GURUVAYOORAPPAN N', '9746214183', 'SARANYA NIVAS, ODANNUR, PARLI P O PALAKKAD', NULL),
('11021', 'F', 'AHILA. V. C', 18010563, 1, NULL, '9947172980', 1, 2021, 'CHANDRA BABU', '9544764936', 'VADAKKEPARAMBIL HOUSE,PAYYANADAM PO, MANNARKKAD, PALAKKAD', 'b+ve'),
('11022', 'F', 'AJITHA.N', 18010565, 1, NULL, '', 1, 2021, 'RAJESWARY', '9633211907', 'PUNCHACODE, ELAPPULLY PO, PALAKKAD 678622', ''),
('11023', 'M', 'SANJAY C', 18080043, 5, NULL, '8606385005', 1, 2021, 'CHELLAN C', '9809801606', 'PARAKKAD,EDATHARA,EDATHARA PO,PIN:678611,PALAKKAD', 'O+'),
('11024', 'M', 'SARATH R', 18080048, 5, NULL, '9809455275', 1, 2021, 'RAJAN K', '9605603144', 'chengalamkadu (ho), chengalamkadu,kannadi (po)palakkad pin: 678701', 'B+'),
('11025', 'M', 'ANANDHAKRISHNAN.P.S', 18080013, 5, NULL, '9207031479', 1, 2021, 'SAJEEV.K.K', '9544063732', 'perumpozhipurath house,mallanchalla, kuttippallam post chitur', 'B+'),
('11026', 'M', 'DINESH R', 18010581, 1, NULL, '', 1, 2021, 'RAJAN', '8157964907', 'KATTADI HOUSE, JELLIPPARA PO, OMMALA, PALAKKAD', 'a+ve'),
('11027', 'M', 'MUSHARAF . M', NULL, 4, NULL, '9188473092', 1, 2021, 'MUHAMMED MUSTHAFA .K.A', '9847753312', 'KALLINGALTHODI HOUSE AKALUR AKALUR (PO) PALAKKAD, KERALA', ''),
('11028', 'M', 'FAHAD.K.A', NULL, 6, NULL, NULL, 1, 2021, 'ABDULAZEEZ', '9809800467', 'KARIYATTUPARAMBU HOUSE KOTTAYI POST PALAKKAD', NULL),
('11030', 'M', 'SARAN K', NULL, 6, NULL, NULL, 1, 2021, 'KRISHNADAS K', '8281311109', 'ERAPPAKODE HOUSE KALLEPULLY POST PALAKKAD', NULL),
('11031', 'F', 'MONISHA.R', 18150033, 2, NULL, '', 1, 2021, 'MANI. O', '9947131136', 'RADHA NILAYAM,DURGA NAGAR,CHERAD, MALAMPUZHA P.O.PALAKKAD.678651', ''),
('11032', 'M', 'AJITH . C.R', 18010564, 1, NULL, '', 1, 2021, 'RAMAKRISHNAN', '8113078367', 'Cheringal house,Thenur post,Parali, Palakkad 678612', 'a+ve'),
('11033', 'M', 'BIBIN T A', NULL, 6, NULL, NULL, 1, 2021, 'SHAJI', '9747161015', 'THANNIYIL HOUSE PALAKKAYAM PO PALAKKAD DT', NULL),
('11034', 'F', 'ARCHANA T', 18010575, 1, NULL, '7682890801', 1, 2021, 'K OMANA', '7561874897', 'Krishnakripa Kinavallur Post parli', 'o+ve'),
('11035', 'M', 'MUHAMMED MUNEER', 18080038, 5, NULL, '9656908172', 1, 2021, 'EBRAHIM', '9747442134', 'Ellathuparambil(HO) , Muthukurussi(PO) , Thachampara , Palakkad 678593', 'O+'),
('11037', 'M', 'SHYAM. K', 18080050, 5, NULL, '9061340612', 1, 2021, 'JAYASANKAR. N .V', '7025608268', 'KANDETH HOUSE,THRANGALI , MANNANUR PO ,OTTAPPALAM ,PALAKKAD DIS KERALA', 'A+'),
('11038', 'M', 'SUJITH .K.P', 18150058, 2, NULL, '', 1, 2021, 'PREMACHANDRAN', '8113074992', 'KALANTHODI HO, KOTTAPPURAM PO,PALAKKAD-679513', ''),
('11039', 'M', 'VISHNUPRASAD. H', NULL, 1, NULL, NULL, 1, 2021, 'HARIDASAN. R', '7907700276', 'POURNAMI HOUSE,CHADANAMKURISSI,NURANI POST,PALAKKAD', NULL),
('11041', 'M', 'ARJUN.V', NULL, 4, NULL, '9847649479', 1, 2021, 'SANKUNNI.V', '9947129199', 'VELUTHANKAVIL HOUSE KADAMPAZHIPURAM POST PALAKKAD', 'B +'),
('11044', 'M', 'ARSHAD. A', NULL, 6, NULL, NULL, 1, 2021, 'ABDUL KARIM. K.U', '9746894715', 'Shadshanas,Behind Civil Station ,Kallekkad Residence Association,Palakkad', NULL),
('11045', 'F', 'SREEJA M', NULL, 3, NULL, '', 1, 2021, 'MANIKANDAN R', '8714342150', 'VAKKAD HOUSE, KANNADI PO, PALAKKAD', ''),
('11046', 'M', 'AMEER SALIH.M', NULL, 5, NULL, '7025761438', 1, 2021, 'SAHIRA.K.S', '9747672772', 'KOTTAKUNNU HOUSE MANNUR WEST POST PALAKKAD', 'A-'),
('11047', 'M', 'AKHIL.K', NULL, 6, NULL, NULL, 1, 2021, 'NARAYANANKUTTY.K', '8593960282', 'KURUDAMKULAM, AZHIYANNUR POST, PALKKAD', NULL),
('11048', 'M', 'AJITH C', NULL, 6, NULL, NULL, 1, 2021, 'CHANDRAN M K', '8606881980', 'SARASWATHY NIVAS 4 CENT COLONY VANUR ALATHUR POST PALAKKAD', NULL),
('11049', 'M', 'AKASH.G', NULL, 4, NULL, '9809592900', 1, 2021, 'GOVINDANKUTTY', '9846878153', 'thekkethil house pullode po palakkad', 'O +'),
('11050', 'M', 'PRANAV KUMAR K V', NULL, 4, NULL, '', 1, 2021, 'PRIYA K V', '9048049008', 'SANKARAMANGALATH VARIYAM, THADUKKASSERY POST, KERALASSERY, PALAKKAD', 'B +'),
('11051', 'M', 'SHIBIN BINOY', NULL, 6, NULL, NULL, 1, 2021, 'BINOY THOMAS', '9349733566', 'CHAKKALAYIL HOUSE PALAKKAYAM POST MANNARKKAD VIA PALAKKAD 678591', NULL),
('11052', 'M', 'RAHUL.S', NULL, 6, NULL, NULL, 1, 2021, 'SARAVANAN.P', '7293733202', 'kunnamkkad,o,kottekkad', NULL),
('11053', 'M', 'AJITH A', NULL, 6, NULL, NULL, 1, 2021, 'ASHOKAN R', '9846884336', 'KURUPPATH HOUSE, ALAMPALLAM, KALLEPULLY POST, PALAKKAD', NULL),
('11054', 'M', 'ALBAN.C', NULL, 4, NULL, '', 1, 2021, 'CHINNPPAN', '7293299396', 'CHINNAKUTTY VEEDU NILAMPATHY PAMPAMPALLAM PO, PALAKKAD', ''),
('11055', 'M', 'AKSHAY M', NULL, 6, NULL, NULL, 1, 2021, 'MOHANAN R', '9142113130', 'THAZHEMALAMURI,POLPULLY PO PALAKKAD', NULL),
('11056', 'M', 'ALAP. S', NULL, 1, NULL, NULL, 1, 2021, 'SREEDHARAN. S', '9496294187', 'A-14, VADAKKANTHARA POLICE QUARTERS, VADAKKANTHARA PO, PALAKKAD', NULL),
('11057', 'F', 'NIMMI N', NULL, 4, NULL, '', 1, 2021, 'NARAYANANKUTTY V', '7907201649', 'CHEKIDENKULAMBU,NENMENI,KOLLENGODE', 'B +'),
('11058', 'M', 'FORNNIAN.P.R', 18010583, 1, NULL, '', 1, 2021, 'RAVEENDRAN.R', '9497602731', 'KALA NILAYAM,PERUMEDU,VILAYODI PO,PALAKKAD', 'a+ve'),
('11059', 'F', 'JYOTHIKA.K', 18150025, 2, NULL, '', 1, 2021, 'KRISHNADAS', '9747287619', 'PANAYILPURA, THEKKINKAD, RAMASSERI PO ELAPPULLY, PALAKKAD', ''),
('11060', 'M', 'ANAND KRISHNA K', NULL, 6, NULL, NULL, 1, 2021, 'KRISHNAN C', '9495135652', 'THAMARAPADAM,KARIPPODE PO PALAKKAD', NULL),
('11061', 'M', 'AKSHAY J', NULL, 6, NULL, NULL, 1, 2021, 'JAYAPRAKASH .K', '7034905504', 'PAPPANI HOUSE NEMMARA', NULL),
('11062', 'M', 'SUGEESH.A.S', 18150057, 2, NULL, '', 1, 2021, 'SUBRAMANYAN', '8113099179', 'ECHANMARE(HO), KANJIRAM, POTTASSERI(P.O), PALAKKAD', ''),
('11063', 'M', 'ASHWIN.M', NULL, 3, NULL, NULL, 1, 2021, 'MANIKANDAN. A', '9744634753', 'VPA A11 VENKITESAPURAM GRAMAM PUTHUR PALAKKAD', NULL),
('11064', 'M', 'SANJU T A', 18080045, 5, NULL, '9947824116', 1, 2021, 'ARUMUGHAN T M', '9544706551', 'THEKKUMPURAM HOUSE, KINAVALLUR PO, KAMBA', 'O+'),
('11065', 'M', 'ARJUN . C', NULL, 1, NULL, NULL, 1, 2021, 'SETHUMADHAVAN . C', '9961457753', 'CHAZHIYAD HOUSE, MUTHUKURUSSI P O, THACHAMPARA', NULL),
('11066', 'M', 'ABHISHEK. G.K', 18080003, 5, NULL, '8330073782', 1, 2021, 'GANGADHARAN', '8547211378', 'KIZHAKKEKKARA, PULAPPATTA P O, PALAKKAD , KERALA 678632', 'B+'),
('11067', 'M', 'ASHOK.P.A', NULL, 6, NULL, NULL, 1, 2021, 'APPUKUTTAN', '9946960702', 'PALATTUPARAMBIL, MANIKKASSERI PO, PALAKKAD', NULL),
('11068', 'M', 'JISHNU. V', 18150023, 2, NULL, '', 1, 2021, 'KRISHNA KUMAR V', '9544247493', 'VENNADI HOUSE,VAZHEMPURAM PO,KARAKURUSSI,PALAKKAD', ''),
('11069', 'F', 'SUHASINI . J', NULL, 1, NULL, NULL, 1, 2021, 'JAYAPRAKASAN V A', '8943088789', 'VADAKKUVEEDU KINAVALLUR POST PARLI PALAKKAD', NULL),
('11070', 'F', 'SANGEETHA . T.S', NULL, 3, NULL, '', 1, 2021, 'SWAMINADHAN .T.G', '9645181294', 'CHEERAMPUTHUR THALAPOTTA PARLI POST PALAKKAD', ''),
('11071', 'F', 'KEERTHI . C.R', NULL, 3, NULL, '', 1, 2021, 'RAMANKUTTY', '8156913727', 'CHOLAYIL HOUSE PARASSERY PO PALAKKAD', ''),
('11072', 'M', 'SURJITH .A.P', 18150059, 2, NULL, '', 1, 2021, 'RAMANKUTTY .A.P', '9746812990', 'AMMAKKATTUPARAMBIL, KADAMPAZHIPURAM-PO, PALAKKAD', ''),
('11073', 'M', 'JINEESH C', NULL, 6, NULL, NULL, 1, 2021, 'CHANDHRAN K', '9400226921', 'TAMILTHARA KANJIKODE POST', NULL),
('11074', 'M', 'AMEEN K P', NULL, 4, NULL, '9562689446', 1, 2021, 'JALEEL K P', '9495769710', 'KALLAMPILAKKAL HOUSE, VAZHEMPURAM PO CHANDANAM KUNDU PALAKKAD KERLA', ''),
('11077', 'M', 'BIBIN. D', 18010580, 1, NULL, '', 1, 2021, 'DEVADAS', '9605162171', '9/73 murukani cn puram po palakkad', 'o+ve'),
('11078', 'F', 'IRFANA . A', 18010584, 1, NULL, '', 1, 2021, 'ABDUL RAHMAN. N. S', '9895219100', 'NANDANKIZHAYA MUTHALAMADA ANAMARI PO PALAKKADA KERALA', 'b+ve'),
('11079', 'M', 'SHABEENURAHMAN.P', NULL, 6, NULL, NULL, 1, 2021, 'ABDUL RAHMAN. P', '9072402848', 'PALLIPARAMBIL HOUSE KONIKKAZHI POST PALAKKAD KERALA 678632', NULL),
('11080', 'M', 'AHMED SWALIH. M', NULL, 6, NULL, NULL, 1, 2021, 'MUHAMMED SAKKEER HUSSAIN.A', '7025213126', 'LD4 IRRIGATION QUATERS MALAMPUZHA (PO) PALAKKAD', NULL),
('11081', 'M', 'ADITHYAN. R', 18150003, 2, NULL, '', 1, 2021, 'RADHAKRISHNAN', '9809176239', 'padinjare veedu viswakarmapuri pirayiri po palakkad', ''),
('11082', 'F', 'JINITHA . G', NULL, 1, NULL, NULL, 1, 2021, 'GOPALAKRISHNAN . A', '8943230676', 'MARATHODI HOUSE, THANNISSERY POST, PALAKKAD', NULL),
('11083', 'M', 'ABHIRAM.G', NULL, 4, NULL, NULL, 1, 2021, 'GOPALAN.K', '9747274672', 'KULATHINKAL HOUSE, PALLASSANA', NULL),
('11084', 'M', 'MUHAMMED RAMEES. C', 18010596, 1, NULL, '', 1, 2021, 'ABDUL RASHEED', '9072275571', 'CHAKALAKKAL, CHOORAKKODE P O, VALLAPUZHA', 'ab+ve'),
('11086', 'M', 'ABHIJITH J', NULL, 4, NULL, NULL, 1, 2021, 'JYOTHIVASU K', '9400721888', 'SREE VALLI HOUSE CHENGANAMKODE CHITTUR POST PALAKKAD', NULL),
('11087', 'M', 'JIBIN K S', NULL, 6, NULL, NULL, 1, 2021, 'SURESH K P', '7293044942', 'PREM NIVAS KANJIRANI KALLADIKODE P O PALAKKAD', NULL),
('11088', 'M', 'UMMER FIROZ. A', NULL, 6, NULL, NULL, 1, 2021, 'ABDUL RAZACK.U', '9745841713', 'PUNNAKULAM HOUSE, KUZHALMANNAM POST, PALAKKAD', NULL),
('11089', 'M', 'PARTHAN. R', NULL, 4, NULL, '9061533864', 1, 2021, 'RADHAKRISHNAN.K.C', '9961992598', 'KANKAMPURA HOUSE PARUTHIPULLY PO PALAKKAD', 'O +'),
('11090', 'F', 'AKHILA.R', 18010566, 1, NULL, '', 1, 2021, 'RAJAN', '7560834273', 'P P NIVAS SIVANKUNNU MANNARKKAD', ''),
('11091', 'F', 'GAYATHRI. M', NULL, 3, NULL, '', 1, 2021, 'MOHANAN. C. B', '9846370192', 'CHINDAKKI CHINDAKKI POST', ''),
('11092', 'F', 'SREELAKSHMI A', NULL, 4, NULL, '7510104313', 1, 2021, 'SACHIDANANDAN A', '9746157164', 'SREELAKSHMI NIVAS VARITHODE OLAVAKKODE POST 678002 PALAKKAD', 'O +'),
('11093', 'M', 'RENJISH . K .', NULL, 3, NULL, '', 1, 2021, 'KRISHNAN . C .', '8157929294', 'ETTUKUNNU HOUSE PALATHARA THOLANUR PO PALAKKAD', ''),
('11094', 'M', 'SANGEETH.C', NULL, 6, NULL, NULL, 1, 2021, 'CHANDRAN.V', '8139009693', 'THANIKKAL HOUSE, SATHEESH NIVAS, PARAKULANGARA, THEKKETHARA, PUDUSSERY POST, PALAKKAD', NULL),
('11095', 'M', 'AVIN . P . V .', NULL, 4, NULL, '9562825219', 1, 2021, 'VINOD KUMAR . C .', '9846048039', 'POOLAKKAPARAMBU THOLANUR', 'A +'),
('11096', 'M', 'KRISHNAPRASAD M', 18080032, 5, NULL, '8281845670', 1, 2021, 'RESMI.T', '9562922938', 'MANGOTTIL MUTHUKURUSSI POST THACHAMPARA VIA PALAKKAD PIN 678593', 'B+'),
('11097', 'F', 'SREELAKSHMI . P', NULL, 6, NULL, NULL, 1, 2021, 'BHARATHAN . P.N', '9961558604', 'PULIKKAL PARAMBIL PENGOTTUPALAYAM PARLI POST PALAKKAD', NULL),
('11098', 'M', 'ALDRIK JOHN FRANCIS', NULL, 6, NULL, NULL, 1, 2021, 'FRANCIS', '9744427233', 'puthiyaveetil h kurumbathuruth gothuruth po ernakulam', NULL),
('11099', 'M', 'MANSOOR ALI.K.A', NULL, 6, NULL, NULL, 1, 2021, 'ABUL AAZI .K', '8089141865', 'SALSABEEL HOUSE VELLAKULAM MEDU NURANI POST PALAKKAD', NULL),
('11100', 'M', 'SHYAM SANKAR . B', NULL, 4, NULL, '', 1, 2021, 'BABU . PS', '7034128046', 'BABU NIVAS , KARUVAPARA , KOZHINJAMPARA', 'O +'),
('11101', 'M', 'ASWIN. P', NULL, 4, NULL, '7034636054', 1, 2021, 'RAVEENDRAN. P', '9207032434', 'PUTHOORKARA HOUSE, KARKKIDAMKUNNU POST, PALAKKAD DIST,', 'O +'),
('11102', 'M', 'AJEESH M', NULL, 2, NULL, NULL, 1, 2021, 'MANIKANDAN LATE', '8156931161', 'KOUNDANKALAM THEKKEDESAM PO NALLEPILLY PALAKKAD', NULL),
('11103', 'M', 'JAISON.A', NULL, 3, NULL, NULL, 1, 2021, 'ANTHONYSWAMY', '7560902300', 'KANAKKAN VEEDU PMPUPARA WALAYAR', NULL),
('11104', 'M', 'BIBIN B', 18080021, 5, NULL, '9400872854', 1, 2021, 'BINESH C', '9497122347', 'BIBIN NIVAS HOUSE, THIRUVALATHUR POST,KALLINGAL, PALAKKAD PIN 678551', 'O+'),
('11105', 'M', 'CHANUSH PC', 18080022, 5, NULL, '8943551953', 1, 2021, 'CHANDRAN K', '9400645055', 'PADMASAROVARAM VENNAKKARA NURANI PO', 'A+'),
('11106', 'F', 'ANJALI. R', 18010571, 1, NULL, '', 1, 2021, 'RAMANATHAN. A', '8547590321', 'THEKKINKADU ANAMARI PO MUTHALAMADA PALAKKAD', 'b+ve'),
('11107', 'F', 'SNEHA.M', NULL, 4, NULL, '', 1, 2021, 'MOHANDAS K K', '9995127831', 'CHAVITTUPARAMBU NOCHUPULLY PALAKKAD', 'B +'),
('11108', 'M', 'SIJU. S', 18080052, 5, NULL, '7025048601', 1, 2021, 'SIVARAMAN', '7356497096', 'kundanthode,polpully(po),palakkad,678552', 'O+'),
('11109', 'M', 'PRINJITH R', NULL, 3, NULL, '8089933539', 1, 2021, 'RAJENDRAN P', '8089933539', 'NELLIKKATHODI HOUSE KADALAKURUSSI KANNADI POST PALAKKAD', 'a +ve'),
('11110', 'M', 'SIBIN.M', 18080051, 5, NULL, '9061966612', 1, 2021, 'MANIKANDAN', '9633009396', 'kengarathaveedu,Kammanthara, pallassana, palakkad 678505', 'B+'),
('11111', 'M', 'AJEESH. U', 18080008, 5, NULL, '9746271304', 1, 2021, 'UNNIKRISHNAN. M', '9387936834', 'Manakkalkkad house ,malampuzha post ,palakkad 678651 kerala', 'O+'),
('11112', 'M', 'SANJAYSANKAR.S', NULL, 4, NULL, '9539353605', 1, 2021, 'SIVASANKARAN', '9947884904', 'kalarikkal house ramassery po palakkad', ''),
('11113', 'M', 'SUJITH.S.K', NULL, 4, NULL, '8281264099', 1, 2021, 'SUBRAHMANIAN. T. K', '9947152640', 'karuvampuzha karakurussi palakkad', ''),
('11114', 'M', 'SAJEER. C', NULL, 3, NULL, '', 1, 2021, 'FATHIMA', '9745270014', 'CHEMMANATHIL HOUSE MANGODE POST CHERPULASSERY VIA PALAKKAD', ''),
('11115', 'M', 'AAKASH. R', NULL, 6, NULL, NULL, 1, 2021, 'RAMANUNNI. K', '7559096817', 'KEEZHPADATHIL HOUSE, VELLINEZHI POST, PALAKKAD DISTRICT, KERALA STATE', NULL),
('11116', 'M', 'ABHILASH.K.N.', NULL, 4, NULL, NULL, 1, 2021, 'NARAYANAN', '9207993068', 'CHUNDAPARAMBIL HOUSE KALIKAVU CHERUKULAM POST KOTTAYI', NULL),
('11117', 'M', 'SAJJAD SAFVAN. T', NULL, 2, NULL, NULL, 1, 2021, 'ABDUL SALAM. T', '7510955350', 'THAIKADAN HOUSE AMBAZHAKKODE VIYAKKURUSSY PALAKKAD 678593', NULL),
('11118', 'M', 'AJAY .M', NULL, 6, NULL, NULL, 1, 2021, 'MURUKAN', '9048118765', 'MOOCHIKKAD HOUSE PANAYUR PO CHITTUR POLPULLY PALAKKAD', NULL),
('11120', 'M', 'VINESH.K.V', 18010617, 1, NULL, '', 1, 2021, 'VIJAYAN.K.K', '9961980406', 'KUNDUMARIL HOUSE PULLODE THENUR POST PALAKKAD', ''),
('11121', 'M', 'SARATH M S', 18080047, 5, NULL, '9961509637', 1, 2021, 'SIVADASAN M M', '9656459815', 'MOZHIKUNNAM HOUSE, NOCHIPPULLY POST, MUNDUR, PALAKKAD-678592', 'O+'),
('11122', 'M', 'MIDHUN. V.B', 18080036, 5, NULL, '9188647589', 1, 2021, 'BALASUBRAHMANIAN', '9745054472', 'VILAKKUPADATH HOUSE, KULAKKATTUKURUSSI,KADAMPAZHIPURAM , PALAKKAD', 'B+'),
('11123', 'M', 'JOBIN JOHNY', NULL, 4, NULL, '9526495627', 1, 2021, 'JOHNY K M', '9539675311', 'KOCHUVEETIL HOUSE, PULIYARA, AGALI (P O) PALAKKAD', 'A +'),
('11124', 'M', 'ARUNKUMAR. M', NULL, 6, NULL, NULL, 1, 2021, 'MANIKANDAN', '7559094652', 'MANAKKILAMARIL HOUSE, MUDAVANNUR , MEZHATHUR P O', NULL),
('11125', 'F', 'APARNA. K', 18010573, 1, NULL, '', 1, 2021, 'ARUMUGHAN.K', '9656889516', 'KANIKULATHIL THENNARI MANNARKKAD', 'Ab+ve'),
('11126', 'F', 'SUJA . S', 18010616, 1, NULL, '', 1, 2021, 'SUKUMARAN . K', '9605837248', 'PALAPPARA HOUSE , ETHANUR POST, PALAKKAD', 'b+ve'),
('11127', 'M', 'AJITH. K', 18080009, 5, NULL, '9946763866', 1, 2021, 'AMBUJAKSHI', '9544194676', 'PARAKUZHI HOUSE, BHEEMANAD P O ,ALANALLUR, PALAKKAD,678601', 'A+'),
('11128', 'M', 'SIBIN . S', NULL, 2, NULL, NULL, 1, 2021, 'SELVA RAJ . S', '8156937503', 'PALAKKATAR VEEDU KOPPUMENONCHALLA KOZHIPPARA PO PALAKKAD', NULL),
('11129', 'M', 'VISHNU D', 18080060, 5, NULL, '9072730103', 1, 2021, 'DHANBAHADOOR H', '8086355839', 'sunshine mansion, valpparambu, pudhuppariyaram(po) ,palakkad 678733', 'B+'),
('11130', 'M', 'ABIJITH.K', 18080004, 5, NULL, '8606343445', 1, 2021, 'KRISHNAN.T', '9605011578', 'KAVARAKKAD VALKULAMBU KORENCHIRA POST PALAKKAD,678684', 'O+'),
('11132', 'M', 'KRISHNAPRASAD .K.', NULL, 3, NULL, '', 1, 2021, 'SASIDHARAN', '9744404580', 'KORAMKOTTIL HOUSE THIRUVIZHAMKUNNU P O PALAKKAD', ''),
('11133', 'F', 'SUCHITHRA.C', 18150055, 2, NULL, '', 1, 2021, 'CHENTHAMARA', '9656071705', 'KARUKAPADAM, RAMASSERY POST, ELAPPULLY, PALAKKAD, KERALA', ''),
('11134', 'F', 'AMRITHA. M', 18150012, 2, NULL, '', 1, 2021, 'ASHOKKUMAR', '8606714512', 'MUNDANKUZHI PULLISSERY P O', ''),
('11135', 'M', 'SREERAJ.M', NULL, 1, NULL, NULL, 1, 2021, 'PREETHA.M', '9847281844', 'MUNDAYIL HOUSE, KULAPPADAM PO, KUMARAMPUTHUOOR, PALAKKAD', NULL),
('11136', 'M', 'SOLOMON WILSON. C', 18080053, 5, NULL, '7025136369', 1, 2021, 'WILSON. C.V', '9645149278', 'Cheruvathoor house ,chalissery .p.o, Palakkad 679536', 'B+'),
('11137', 'M', 'VINAYAN P.K.', NULL, 6, NULL, NULL, 1, 2021, 'RAMACHANDRAN P.', '9567813141', 'POOLAKKIL HOUSE KUNDURKUNNU POST PALAKKAD KERALA', NULL),
('11138', 'F', 'ATHIRA K', NULL, 1, NULL, NULL, 1, 2021, 'KRISHNAKUMAR', '7736261356', 'MADATHIL HOUSE, PAMPAMPALLAM PO, PETTAKKAD', NULL),
('11139', 'M', 'JAYARAJ. K. S', 18080027, 5, NULL, '9809306405', 1, 2021, 'SASIKUMAR.K.B', '9495761646', 'KOZHINHAPARAMBIL HOUSE, PARUTHIPULLY POST ,PALAKKAD ,KERALA 678543', ''),
('11141', 'F', 'SREELAKSHMI . M', NULL, 1, NULL, NULL, 1, 2021, 'RAJESH MULLASSERY', '8547160737', 'KANHIRAMNILAYAM RUBY ROAD KARUVANTHI KOZHIKODE', NULL),
('11142', 'M', 'KANNANUNNI. V', NULL, 1, NULL, NULL, 1, 2021, 'PARVATHY', '7034767809', 'VEERIAMPADATH THIRUVAZHIYODE PO PALAKKAD', NULL),
('11144', 'M', 'BOOPATHY D', NULL, 4, NULL, NULL, 1, 2021, 'DEVARAJ.C', '9562860387', 'CHELLANKAVU ST COLONY, KANJIKODE PO, PALAKKAD 678621', NULL),
('11145', 'F', 'SNEHA.P', NULL, 1, NULL, NULL, 1, 2021, 'PRABHAKARAN.C', '9961053931', 'chamayi nivas house korathodi kadukkamkunnam po palakkad', NULL),
('11146', 'M', 'HARIKRISHNAN.S', 18080024, 5, NULL, '7510206262', 1, 2021, 'SIVAN.K', '9847921350', 'poolakkal (HO) ,Ayyappankavu ,pirayiri (Po) ,palakkad', 'O+'),
('11147', 'M', 'GOKUL KRISHNA S R', 18150020, 2, NULL, '', 1, 2021, 'SURENDRAN V', '7907595847', 'KATHYANAPPANCHALIL(HO) PATHIRIPPATTA(PO) KAKKATTIL (VIA)', ''),
('11148', 'M', 'VISWANTH.C', NULL, 3, NULL, '', 1, 2021, 'MANIKANDAN C', '8592883694', 'CHAMAKUZHI HOUSE KADAMPAZHIPURAM POST PALAKKAD', ''),
('11150', 'F', 'ASWANI.R', NULL, 4, NULL, '9656180021', 1, 2021, 'RAMACHANDRAN', '9605763540', 'cherukaraparambu oduvangad nochippully palakkad', 'B +'),
('11151', 'M', 'AJEESH.M.U', NULL, 2, NULL, NULL, 1, 2021, 'KANCHANA', '7559094241', 'MULLAKKARA ST COLONY,NOCHUPULLY,NOCHUPULLY PO , PALAKKAD', NULL),
('11152', 'M', 'AJMAL SHAHEEN. K', 18080010, 5, NULL, '9961458724', 1, 2021, 'ABDUL SAMAD.K', '9562204195', 'KUTHANIL HOUSE, PALLIKURUP P.O, MANNARKKAD, PALAKKAD DISTRICT', 'O+'),
('11153', 'M', 'ABHILASH.A', 18150002, 2, NULL, '', 1, 2021, 'JAYAPRAKASH.A', '9495530146', 'ARIYANI HOUSE PULLUVAYILKUNNU KARAKURISSI POST PALAKKAD 678595', ''),
('11154', 'F', 'SHOBITHA. P. C.', NULL, 3, NULL, '', 1, 2021, 'CHANDRASEKHARAN P', '7510370882', 'PALAKKODE HOUSE, PERUMALA, PERINGOTTUKURUSSI, PALAKKAD, KERALA', ''),
('11155', 'M', 'YATHUKRISHNA . P.R', 18080063, 5, NULL, '9207625094', 1, 2021, 'MINI . K', '9496168571', 'PARAKKALHOUSE ,MANKURUSSI PO,MANKARA, PALAKKAD', ''),
('11156', 'M', 'GOKULRAJ P R', NULL, 4, NULL, '9061225432', 1, 2021, 'RAJAMANI P', '9446235821', 'PALALAM PADINJAREKKARA HOUSE KARIMBA POST PALAKKAD DIST KERALA', ''),
('11157', 'M', 'DAISON V V', NULL, 4, NULL, '8589877973', 1, 2021, 'VISWANATHAN V V', '9847357230', 'VALAPPIL HOUSE VALAPAD BEECH P O THRISSUR', ''),
('11158', 'M', 'PRANAV.M', NULL, 1, NULL, NULL, 1, 2021, 'MOHANDAS.C', '8547336812', 'MANALIKKATTU HOUSE,PANNIMADA MALAMPUZHA,PALAKKAD', NULL),
('11159', 'M', 'ANANTHU.S', NULL, 3, NULL, '', 1, 2021, 'SHEEBU.K.V', '9447805920', 'NANDHANAM KONGAPADAM AKATHETHARA PALAKKAD', ''),
('11160', 'M', 'SANJAY. M', 18080044, 5, NULL, '8129360061', 1, 2021, 'MANIKANDAN. C', '9745716131', 'CHERINKAL HOUSE, PUDUSSERY , KANJIKODE WEST POST, PALAKKAD', 'AB+'),
('11161', 'M', 'MANU C', 18080034, 5, NULL, '8714253631', 1, 2021, 'CHANDRAN K', '9895881402', 'ELAYAPURAIKKAL HOUSE, KAKKATHARA ,THIRUVALATHUR POST ,PALAKKAD PIN 678551', 'B+'),
('11162', 'M', 'ABHISHEK. C R', NULL, 4, NULL, NULL, 1, 2021, 'RAMACHANDRAN.C', '9961049198', 'CHAMAKKUZHI HOUSE KADAMPAZHIPURAM POST PALAKKAD', NULL),
('11163', 'M', 'AJITH.K.B', NULL, 4, NULL, '7025430386', 1, 2021, 'BALAKRISHNAN', '7025433365', 'KRISHNA VILAS, KARATUPARAMBU, MANKARA POST, PALAKKAD', 'A +'),
('11164', 'M', 'AROMAL P', NULL, 3, NULL, '', 1, 2021, 'PREMADAS K K', '9809313351', 'PATHIYARATHODI HOUSE, KALLUR POST, PALAKKAD,', ''),
('11165', 'M', 'ABHINAV P R', NULL, 4, NULL, NULL, 1, 2021, 'RATHEESH P R', '9446070939', 'PULAKKAL HOUSE, KOTTIYODE, THENKARA POST, MANNARKKAD', NULL),
('11166', 'M', 'AJITH.R', NULL, 3, NULL, '', 1, 2021, 'RAJAGOPALAN', '9995855139', 'SARGASAKTHI STREET, CHULLIMADA, KANJIKODE PO, PALAKKAD', ''),
('11167', 'M', 'ANEESH A', NULL, 3, NULL, '', 1, 2021, 'ANANDHAN M', '9961080503', 'ODACHIRA HOUSE VANDITHAVALAM (po) PALAKKAD', ''),
('11168', 'M', 'GOKULDAS B', 18080023, 5, NULL, '9074263730', 1, 2021, 'BALAMURUGAN G', '8089486648', '5/716, Para - Elappully (PO), Palakkad 678622', 'A+'),
('11169', 'M', 'VISHNU.S.M', 18080062, 5, NULL, '9072508095', 1, 2021, 'MANIKANDAN.S', '9446830526', 'SRAMBIKKAL, KATTUKULAM SOUTH, PALAKKAD', ''),
('11170', 'F', 'SINI S', NULL, 4, NULL, '7561852811', 1, 2021, 'SASIKUMAR T A', '9645432811', 'THEKKUMURI HOUSE THENUR POST PARLI PALAKKAD', 'A +'),
('11171', 'M', 'ANOOP P R', 18080015, 5, NULL, '9048078290', 1, 2021, 'RADHAKRISHNAN P C', '9747195948', 'PULIKKAL HOUSE,CHOORAKODE ,KALLADIKODE PO,PALAKKAD 678596', 'A+'),
('11172', 'M', 'ARAVIND K R', NULL, 3, NULL, NULL, 1, 2021, 'RAJAN V K', '8086850658', 'KALIPARAMBIL HOUSE ERATTAKKAL KALLADIKODE P O PALAKKAD-678596', NULL),
('11173', 'M', 'NUMEER M R', NULL, 1, NULL, NULL, 1, 2021, 'MUHAMMED RAFI', '9388152957', 'PULIKKAL HOUSE KONGINI STREET M H S ROAD PUDUNAGARAM POST PALAKKAD', NULL),
('11174', 'M', 'AKHIL K', NULL, 3, NULL, NULL, 1, 2021, 'KUNJU M', '9207091001', 'Prasanna house panamgade, kanjikode, palakkad', NULL),
('11175', 'M', 'NAVEEN . R', NULL, 3, NULL, '', 1, 2021, 'RAMACHANDRAN . B', '9061169187', 'BHARADE NIVAS,PAYATTINKADU KANNADI PO PALAKKAD', ''),
('11176', 'M', 'ACHYUTHAN.R', NULL, 4, NULL, '8590372818', 1, 2021, 'RAJAGOPALAN.M', '9495497275', 'Thekkingel House,Pathaammile,Velikkad(p.o),Mundur,palakkad', 'A +'),
('11177', 'M', 'ABHIN T S', NULL, 3, NULL, '', 1, 2021, 'SURESH T K', '9495729771', 'THONIPADAM HOUSE, KENAMPULLY, CHITTUR PO, PALAKKAD', ''),
('11178', 'M', 'RAFSAL .S', NULL, 3, NULL, '', 1, 2021, 'SIDHIQUE', '9947772814', 'thekkumuri house pazhambalacode p.o palakkad.', ''),
('11179', 'M', 'ANIRUDH.M', NULL, 3, NULL, '', 1, 2021, 'MURALEEDHARAN.K', '9961555953', 'KURUPPATH HOUSE,AMBALAKKAD,KALLEPULLY, PALAKKAD', ''),
('11180', 'M', 'VISHNU.N', NULL, 6, NULL, NULL, 1, 2021, 'A.NARAYANANKUTTY', '9946033441', 'kalladi house,10/22, koothirad, alampallam, kallepully(po), palakkad', NULL),
('11181', 'M', 'RAHUL K S', 18150039, 2, NULL, '', 1, 2021, 'SURESH', '9544823428', 'karapparambil,vadasery,pallakkad', ''),
('11182', 'M', 'MIDHUN.M', 18080037, 5, NULL, '9188702185', 1, 2021, 'MOHANDAS.S', '9400568774', 'THOTTINGAL HOUSE, CHAKKANKAD, EDUPPUKULAM POST, PALAKKAD 678556', 'A+'),
('11184', 'M', 'ADARSH.M.P', NULL, 3, NULL, '', 1, 2021, 'PREMAKUMARAN', '8078386300', 'THANKAM HOUSE MULLARITHODI KARIYAMKODE PO KOTTAYI', ''),
('11185', 'F', 'DEEPTHI .U', NULL, 3, NULL, '', 1, 2021, 'UDAYAKUMARAN.P', '9388185683', 'PATHIYILKALAM,KINASSERY(PO),PALAKKAD.', ''),
('11186', 'M', 'RITHIKLAL R', 18150043, 2, NULL, '', 1, 2021, 'RAVEENDRAN', '9605672799', 'KAITHARAVU AYYAPPANKAVU VANDITHAVALAM P O PALAKKAD', ''),
('11187', 'M', 'SUMESH.R', NULL, 3, NULL, '', 1, 2021, 'RADHAKRISHNAN.', '9961361953', 'MELEVEEDU PERUMKULANGARA KOTTAYI PO PALAKKAD PIN-678572', ''),
('11188', 'M', 'AJITH.K', NULL, 3, NULL, '', 1, 2021, 'KANAKAN.A', '7558812237', 'KIZHAKKARA HOUSE KAYARAMKODAM MUNDUR POST PALAKKAD', ''),
('11189', 'M', 'AKSHAY PRASAD R', NULL, 6, NULL, NULL, 1, 2021, 'RAJU M', '9946711456', 'KORATH HOUSE THENARI PO PALAKKAD', NULL),
('11190', 'M', 'ROHIT KRISHNA R', NULL, 1, NULL, NULL, 1, 2021, 'RADHAKRISHNAN G', '9995529194', 'kathirukolambu panayur post polpully palakkad', NULL),
('11191', 'M', 'MUHAMMED AJMAL. P. C', NULL, 4, NULL, NULL, 1, 2021, 'MUSTHAFA', '9744885142', 'pothuvachola house kunnamthiruthi thachampara mannarkkad', NULL),
('11192', 'M', 'AJAY S', NULL, 3, NULL, '', 1, 2021, 'SIVAKUMAR K', '8606174768', 'AJAY NIVAS KOONAMKULAMBU KARIPPODE P O PALAKKAD Dt', ''),
('11193', 'M', 'ABHISHEK .K', 18080002, 5, NULL, '9074135674', 1, 2021, 'KANNAN .K', '9847860330', 'PILANKAD HOUSE, KOTTEKKAD PO, PALAKKAD,678732', 'B+'),
('11194', 'M', 'ABHISHEK P', NULL, 2, NULL, '', 1, 2021, 'SOBHANA', '9544731842', 'KOTTAKKATTUPURA,RAGHAVAPURAM,PANAYUR P.O, PALAKKAD', ''),
('11195', 'M', 'MUHAMMED AJMAL P', NULL, 3, NULL, '', 1, 2021, 'MAMMUTTY', '9061581558', 'PALLIYALTHODI HOUSE POMBRA PO PALAKKAD', ''),
('11196', 'M', 'VISHNU K', 18080061, 5, NULL, '9562069307', 1, 2021, 'RAJEEV K', '9744872911', ' S/O RAJEEV K ,KARIMKUZHIYIL HOUSE,CHERUKATTUPULAM PO, VANIYAMKULAM, OTTAPPALAM', 'B+'),
('11197', 'F', 'NIKHILA P', NULL, 3, NULL, '', 1, 2021, 'PONNUMANI .V', '8547791419', 'ANTHAZHI HOUSE,CHERAMANGALAM P/O,PALAKKAD,678703', ''),
('11198', 'F', 'RADHIKA . R', 18150038, 2, NULL, '', 1, 2021, 'RAJAN . P', '9747473673', 'ODUKAMPARA KODUVAYUR P O 678501 PALAKKAD DISTRICT KERALA STATE', ''),
('11199', 'M', 'ADITHYANARAYANAN.A.V', 18080006, 5, NULL, '7994375201', 1, 2021, 'VINOD.A.A.', '9497123207', 'ALAPPATTU HOUSE, MANNAM, KATTUSSERY POST, ALATHUR ,PALAKKAD 678541', 'O+'),
('11200', 'F', 'SHAMNA. S', NULL, 3, NULL, '', 1, 2021, 'SALEEM.M', '9746126306', 'NADUPPATHI, NANDANKIZHAYA, ANAMARI PO MUTHALAMADA PALAKKAD', ''),
('11201', 'M', 'JERIN JOSE', NULL, 4, NULL, '7559980734', 1, 2021, 'JOSE P A', '9947734459', 'PULIKKOTTIL HOUSE ARTHAT P.O THRISSUR', 'O +'),
('11203', 'M', 'ANCHAL ANTONY', NULL, 4, NULL, '7736843070', 1, 2021, 'C.V ANTONY', '9037066063', 'Chenathuparambil House P.O Potta Chalakudy Thrissur Kerala', 'A +'),
('11204', 'F', 'SHAHANASHIRIN. K', NULL, 1, NULL, NULL, 1, 2021, 'MUHAMEDALI .K', '9605913325', 'KALPAKANCHERI HOUSE ALANALLUR P O, PALAKKAD - 678601', NULL),
('11205', 'M', 'ANAGH. N. M', NULL, 6, NULL, NULL, 1, 2021, 'MANOHARAN. N. V', '9946842411', 'NEERATTY HOUSE P O PADOOR PIN 680524', NULL),
('11206', 'M', 'STALIN C D', NULL, 6, NULL, NULL, 1, 2021, 'DAVIS C V', '9349183109', 'CHIRAYATH MANJIYIL HOUSE, GREEN HILLS , OLLUKKARA PO, THIRSSUR', NULL),
('11207', 'F', 'RAVINA R', NULL, 1, NULL, NULL, 1, 2021, 'RAVEENDRAN V', '9048707486', 'D/O RAVEENDRANV THOTTATHA HOUSE KALLANKADU NEAR G UP SCHOOL NALLEPILLY PALAKKAD', NULL),
('11208', 'F', 'KAVYA A S', NULL, 1, NULL, NULL, 1, 2021, 'SIVADASAN', '9645399114', 'DAS VILLA, KERALASSERY P.O PALAKKAD, KERALA INDIA', NULL),
('11209', 'M', 'KIRAN C . K', NULL, 4, NULL, '9747714683', 1, 2021, 'KANNAN C .K', '9526366475', 'chembankadu house kazhani chungam kavassery', 'A +'),
('11210', 'M', 'KARUN KRISHNA', NULL, 4, NULL, '9037472130', 1, 2021, 'UNNIKRISHNAN. P', '8281661305', 'PUTHAN HOUSE, PADUR POST PALAKKAD DIST 678543', 'O +'),
('11211', 'M', 'ARJUN.S', 18080017, 5, NULL, '9539582656', 1, 2021, 'SURESH.M', '9946655978', 'Parakkal(HO),Behind Police Quarters,Anand Nagar,kallekulangara(po),rlycolony, olavakkode,palakkad 678009', 'A+'),
('11212', 'F', 'AHALYA.N.O', NULL, 4, NULL, '', 1, 2021, 'OMANAKUTTAN', '9947311927', 'NEDUMKULATHIL HOUSE , KANJIRAM , POTTASSERY PO , PALAKKAD DIST , KERALA', ''),
('11213', 'M', 'VISHNU.K.', NULL, 6, NULL, NULL, 1, 2021, 'KANNAN', '9645665408', 'THARAYIL HOUSE THOLANUR PO PALAKKAD', NULL),
('11214', 'M', 'AKSHAY . M', 18150008, 2, NULL, '', 1, 2021, 'MOHANAN . K', '8086201492', 'CHOOLPURAM HOUSE KODUVAYUR POST PALAKKAD DIST KERALA', ''),
('11215', 'M', 'MUHAMMED .P.', NULL, 1, NULL, NULL, 1, 2021, 'HAMZA .P', '9562899297', 'POOTHANKODAN HOUSE VELLAKKUNU CHETHALLUR POST MANNARKKAD VIA PALAKKAD DISTRICT 678583', NULL),
('11216', 'F', 'LASYA. R', NULL, 3, NULL, '', 1, 2021, 'RAMAKRISHNAN. P', '9048668945', 'EACHAN PURA,KADUKKAMKUNNAM P.O. PALAKKAD .678651', ''),
('11217', 'M', 'HARIKRISHNAN.V', 18080025, 5, NULL, '7293131769', 1, 2021, 'VASUDEVAN.C', '9446233716', '49/383, ARAPPATH HOUSE,KARNAKI NAGAR,MOOTHANTHARA,VADAKKANTHARA P.O,PALAKKAD 678012', 'B+'),
('11218', 'F', 'SHIBINA.P.S', NULL, 4, NULL, '9188314493', 1, 2021, 'SIDHIQUE.P.K', '9567563028', 'Puthanpeedikayil (h),karimba,palakkad', 'B +'),
('11219', 'M', 'SHUAIB A', 18080049, 5, NULL, '9961098144', 1, 2021, 'ASSANAR V S', '9526262392', 'SHAHINA MANZIL,PRADHANI, VADAKANCHERRY P0, PALAKKAD 678684', ''),
('11220', 'M', 'MUHAMMED SWALIH.V.V', NULL, 3, NULL, NULL, 1, 2021, 'ABDUL GAFOOR', '8078147003', 'VARIYATH VALAPPIL, BHEEMANAD P.O, PALAKKAD', NULL),
('11221', 'M', 'GOKUL KRISHNA . R', NULL, 3, NULL, '', 1, 2021, 'USHAKUMARI C', '9847032947', 'CHENGODE NOCHULLY KUZHALMANNAM PALAKKAD 678702', ''),
('11222', 'F', 'ASMATH. A', NULL, 3, NULL, '', 1, 2021, 'ABUBAKKER.A', '9947718477', 'KALATHILTHODY HOUSE,SASTHA COLONY, MALAMPUZHA P.O.,PALAKKAD-678651', ''),
('11223', 'M', 'ABHIJITH .V.N', NULL, 1, NULL, NULL, 1, 2021, 'VELAYUDHAN', '7356955488', 'SO VELAYUDHAN NELLAMPULLY KUTHANUR PALAKKAD', NULL),
('11224', 'F', 'KARUNYA. V', 18080029, 5, NULL, '8157998623', 1, 2021, 'VASUDEVAN', '8157998623', 'KIZHAKKEPARAMBU, NENMENI POST, KOLLENGODE, PALAKKAD DISTRICT, KERALA 678506', 'A+'),
('11225', 'M', 'JOUHAR ALI.A', 18080028, 5, NULL, '9037917044', 1, 2021, 'ABDUL RAHIMAN', '8606777804', 'PALLIPARAMBU HOUSE , ALATHUR P O,  PALAKKAD 678541', 'O+'),
('11226', 'M', 'ASHWIN .M. K', NULL, 3, NULL, '', 1, 2021, 'KRISHNAN .M. V', '9495172994', 'MOOCHIKKAL HOUSE MUTTIKULANGARA PALAKKAD 678592', ''),
('11227', 'M', 'ABHIJITHMON V', NULL, 3, NULL, '', 1, 2021, 'VASU C', '9995644734', 'CHANNATHODE HOUSE CHITTUR POST PALAKKAD DIST', ''),
('11228', 'M', 'ATHUL T.S', NULL, 6, NULL, NULL, 1, 2021, 'SREENIVASAN', '8593977072', 'THEKKETHALAKKAL HOUSE EDATHIRINJI P O THRISSUR', NULL),
('11229', 'M', 'SOORAJ P', NULL, 3, NULL, NULL, 1, 2021, 'ATHRA SREEKUMAR', '9605133555', 'Sooraj villa,Pandaraparambath(H),Choorakkattukara P.O Amalanagar,Thrissur', NULL),
('11230', 'F', 'ANJANA.M', 18080014, 5, NULL, '8606345089', 1, 2021, 'RUGMANI', '7510345089', 'VELLATTUPARAMBU HOUSE , PULLODE PO, PALAKKAD , 678545', 'O+'),
('11231', 'M', 'RAHUL . R', NULL, 3, NULL, NULL, 1, 2021, 'RAJAN . K', '8943853940', 'THANIPALLAM HOUSE, ERATTAKULAM PO, PALAKKAD', NULL),
('11232', 'M', 'VISHNU.P.V', NULL, 1, NULL, NULL, 1, 2021, 'PONNAPPAN P V', '9946575844', 'PATHAM MILE HOUSE VELIKKAD POST MUNDUR PALAKKAD', NULL),
('11233', 'M', 'MIDHUNKRISHNA T.J', NULL, 2, NULL, NULL, 1, 2021, 'JAYAN', '7356501092', 'THUNDIPARAMBIL KADAMAKUDY PIZHALA', NULL),
('11234', 'F', 'VINISHA.R', 18150060, 2, NULL, '', 1, 2021, 'RAVEENDRAN.S', '9745856344', 'USHAS NIVAS THEKKETHARA, MARUTHAROAD POST PALAKKAD', ''),
('11235', 'M', 'RISHI.R', NULL, 3, NULL, '', 1, 2021, 'RAJAN.P', '9747734457', 'PARAKKODE, TATTAMANGALAM, PALAKKAD', ''),
('11236', 'M', 'AKSHAYDAS.P.S', NULL, 1, NULL, NULL, 1, 2021, 'SIVADASAN.P.N', '9544885091', 'PUNNANI HOUSE KARIMBA PO PALAKKAD', NULL),
('11237', 'M', 'VISHNU.C', NULL, 3, NULL, '', 1, 2021, 'VENU C', '9946834452', 'CHENAMKANDATHIL HOUSE KADAMPAZHIPURAM POST PALAKKAD', ''),
('11239', 'M', 'AMAN BABU', NULL, 4, NULL, '9747745309', 1, 2021, 'BABU C', '9946339880', 'Krishna Kripa, N P R A 29, Nedungapuzha,Eroor North P O Tripunithura', 'B +'),
('11240', 'F', 'MIDHUNA.M', 18150030, 2, NULL, '', 1, 2021, 'MOHANADASAN.K', '7034942077', 'KALODE HOUSE, NOCHULLY PALAM, NOCHULLY POST, PALAKKAD.', ''),
('11241', 'M', 'MRIDHUL ANDREW. K.O', NULL, 1, NULL, NULL, 1, 2021, 'OUSEPPACHAN', '9544827047', 'KURISUNKAL HOUSE, ARTHUNKAL P O, CHERTHALA, ALAPPUZHA', NULL),
('11242', 'F', 'SREELAKSHMI . C', NULL, 4, NULL, '8078840711', 1, 2021, 'NARAYANANKUTTY . C', '9446151886', 'CHAKKAMTHODI HOUSE VATTAMANNAPURAM PO PALAKKAD DT', 'O +'),
('11243', 'F', 'VRINDA K', NULL, 3, NULL, '', 1, 2021, 'JAYAKRISHNAN .K', '9847454399', 'NEERAM KANDI, VISHNU VIHAR, KOTTAMANGALAM, FAROOK COLLEGE P O', ''),
('11245', 'M', 'ASIF RAHMAN P A', NULL, 3, NULL, NULL, 1, 2021, 'ABDUL RAHMAN P.A', '8304836307', 'PARAPILLY HOUSE PEZHUMPARA CHATHAMANGALAM POST NEMMARA PALAKKAD', NULL),
('11246', 'M', 'ABIN ANTONY', 18080005, 5, NULL, '7510207709', 1, 2021, 'M C ANTONY', '9544883518', 'MATTAKKAL, KOONAMMAVU P O, ERNAKULAM', 'O-ve'),
('11247', 'M', 'VINAYAK. K', 18080058, 5, NULL, '8111921633', 1, 2021, 'CHANDRAN', '9745676960', 'KOZHIPPALLY HOUSE, CHERUVAYOOR PO, MALAPPURAM, KERALA, 673645', ''),
('11248', 'M', 'A S MUHAMMED FARZIN', 18010559, 1, NULL, '9846957959', 1, 2021, 'KHADEEJA', '7591941606', 'SRAMBIKKAL HOUSE KARIMBA 2 KALLADIKKODE P O MANNARKAD, PALAKKAD KERALA-678596', 'A+ve'),
('11249', 'M', 'FAIZ IBRAHIM AR', NULL, 1, NULL, NULL, 1, 2021, 'ABDUL RASHEED I', '9400361751', 'Sooraj,5/3077,jafferkhan colony, mavoor road, calicut', NULL),
('11250', 'M', 'SARATH DIVAKARAN', NULL, 2, NULL, NULL, 1, 2021, 'M.G.DIVAKARAN', '9349261437', 'MADASSERY HOUSE NEAR MARAPARAMBU TEMPLE CHERANELLORE P O ERNAKULAM', NULL),
('11251', 'M', 'GREEJITH . M', NULL, 3, NULL, '', 1, 2021, 'MURALEEDHARAN', '8156815545', 'KALATHODI HOUSE, MATHUR POST, PALAKKAD', ''),
('11253', 'M', 'MUHAMMED LIBINIYAS.P', NULL, 1, NULL, NULL, 1, 2021, 'ABDUNNASAR.P', '8157919769', 'PADUKUNDIL HOUSE, KOMBAM, KODAKKAD PO, MANNARKKAD, PALAKKAD', NULL),
('11254', 'M', 'MUHAMMED ASHIK.P', NULL, 1, NULL, NULL, 1, 2021, 'AZEEZ.P', '7510631504', 'PALOLI HOUSE, VADASSERIPPURAM, KODAKKAD PO, MANNARKKAD, PALAKKAD', NULL),
('11256', 'M', 'ARJUN S', NULL, 1, NULL, NULL, 1, 2021, 'SIVAPRAKASHAN .R', '9809741931', 'KORAMPARAMBU HOUSE CHERAMANGALAM PO', NULL),
('11257', 'M', 'MANOJ A', 18080033, 5, NULL, '9645461564', 1, 2021, 'ANDAVAN C', '7560837637', 'MADHAVI NILAYAM,CHEEKUZHI,AKATHETHARA,PALAKKAD', ''),
('11258', 'F', 'JANNATHUL FIRDOUSE .E', NULL, 2, NULL, '', 1, 2021, 'ABUTHAHIR', '9846717510', 'ELAYODATH CHUNANGAD POST PALAKKAD', ''),
('11259', 'F', 'GANSIYA.A', NULL, 3, NULL, '', 1, 2021, 'ABDUL RAFEEK.M', '9567661189', 'PALLIKKAL HOUSE ANIKODE KARIYANKODE PO PALAKKAD', ''),
('11261', 'M', 'MUHAMMED RAFI C.S', 18150035, 2, NULL, '', 1, 2021, 'SHARAFUDHEEN.C.S', '9847951712', 'CHIRANADAYIL HOUSE PARAPPURAM KACHERIPARAMBU PO PALAKKAD', ''),
('11262', 'M', 'NAVANEETH. K', NULL, 3, NULL, '', 1, 2021, 'SURESH KARAYIL', '9847475581', 'KARAYIL HOUSE, KANNADIPOYIL PO, BALUSSERY, KOZHIKODE', ''),
('11263', 'M', 'RAGHUVARAN. V', 18080041, 5, NULL, '9446512430', 1, 2021, 'RAGHAVAN.E', '9447138582', 'KAUSTHUBHAM HOUSE , PARACHIRIKKAD, KALAPPETTY P O , KUZHALMANNAM,PALAKKAD 678702', 'AB+'),
('11264', 'M', 'KIRAN.K', 18080031, 5, NULL, '8156872742', 1, 2021, 'RAVI CHANDRAN', '9562890902', 'KARAMBATTA HOUSE, PUNCHAKODE, THENKARA PO, MANNARKKAD ,PALAKKAD DIST 678582', ''),
('11265', 'F', 'ASWATHY MOHAN', NULL, 3, NULL, '', 1, 2021, 'MOHANDAS A', '9562554143', 'ETTUPURATH HOUSE ARAPPARA VAZHAMPURAM PO', ''),
('11266', 'M', 'RAHULDAS .A', NULL, 4, NULL, '8592092305', 1, 2021, 'RAMADAS .A', '9744438641', 'ADIYATH HOUSE CHETHALLUR CHETHALLUR POST MANNARKKAD VIA PALAKKAD', 'O +'),
('11267', 'M', 'SAJITH V', NULL, 4, NULL, '8592891726', 1, 2021, 'KUTTYMON', '9633085140', 'VALAVANCHIRA ARIYAMBAVU ARIYOOR PO PALAKKAD DT', 'O +'),
('11268', 'M', 'LIJO.C.A', NULL, 4, NULL, '8330864673', 1, 2021, 'ANIL.V.J.', '9544624673', 'Nellikkamala HO Kanjirani Karimba II', 'B +'),
('11269', 'M', 'ABIDH. A', NULL, 4, NULL, NULL, 1, 2021, 'RAZHEETHA BANU .N', '9656602265', 'RAHMATH MANZIL PANNIPERUNTHALA THEKKEDASAM POST CHITTUR PALAKKAD', NULL),
('11270', 'M', 'RAHUL.R', NULL, 6, NULL, NULL, 1, 2021, 'RAMASWAMI.R', '7559000867', 'VEETTIYOOR THAVALAM P O PALAKKAD DT PIN 678582', NULL),
('11271', 'F', 'ANASWARA .R', 18150013, 2, NULL, '', 1, 2021, 'RAVEENDRAN', '9961170012', 'POOVATHINGAL HOUSE,PALAMOKKU,AYALUR PO,PALAKKAD DT', ''),
('11272', 'M', 'MOHAMMED YASEEN.P P', 18150032, 2, NULL, '', 1, 2021, 'ABDUL NASER.P P', '7034959319', 'KOLOTHUM THODI HOUSE THAVANUR POST', ''),
('11273', 'M', 'ANANTHU.J.P.', 18010570, 1, NULL, '', 1, 2021, 'JAYAPRAKASH.C', '9061620585', 'ANJANEYA HOUSE SASTHA NAGAR 243 KILIKOLLOOR P O KOLLAM', 'b+ve'),
('11274', 'M', 'AMAL K P', NULL, 4, NULL, '8301075580', 1, 2021, 'VINODKUMAR K P', '9947753558', 'AVANIKA, KOYYODE, P.O KOYYODE, KANNUR', 'A +'),
('11275', 'M', 'ANKITH V SURESH', NULL, 1, NULL, NULL, 1, 2021, 'SOBHANA SURESH', '9947398470', 'VILANGAPURATHU HOUSE MANJAPRA P O ERNAKULAM DIST KERALA', NULL),
('11276', 'M', 'SANOOP. A', NULL, 1, NULL, NULL, 1, 2021, 'RAJAGOPALAN V. K.', '9847085389', 'ANUGRAHA HOUSE MUTHUTHALA PO PATTAMBI PALAKKAD', NULL),
('11277', 'M', 'SARATH KRISHNA M.S', NULL, 3, NULL, NULL, 1, 2021, 'SASIDHARAN . M.K', '9562221073', 'MATTEL HOUSE PERUMPADAPPU PALLURUTHY P O KOCHI', NULL),
('11279', 'M', 'AJAS A B', 18080007, 5, NULL, '9567509252', 1, 2021, 'ASHARF S H', '9746206436', 'AJAS MANZIL , KILLY ,  KOLLODE PO , KATTAKADA TRIVANDRUM', 'O+'),
('11280', 'F', 'SIJI. B', NULL, 3, NULL, '', 1, 2021, 'BHARGAVI.R', '9562786253', 'PUTHANVEEDU HOUSE, PANANGATTIRI POST, PALAKKAD 678506', ''),
('11281', 'M', 'SARATH .S', 18080046, 5, NULL, '9744868622', 1, 2021, 'SASI .V', '9495055875', 'MUNDEKKODE HOUSE, MUNDUR POST PALAKKAD 678592', 'O+'),
('11282', 'F', 'SHILNA. M', NULL, 3, NULL, '', 1, 2021, 'MOHAMMED BASHEER. U', '8089067837', 'S S MANZIL KOTTEKKAD KILIYALLUR CHERAMANGALAM POST', ''),
('11283', 'M', 'RAHUL K', NULL, 3, NULL, '', 1, 2021, 'K KRISHNAKUMAR', '9446791071', 'SOWPARNIKA THEKKETHARA KOTTEKKAD POST PALAKKAD', ''),
('11284', 'M', 'ABHISHEK K R', NULL, 3, NULL, '', 1, 2021, 'RAMAKRISHNAN P', '9605372856', 'ITI QUARTERS 10/454 MANTHAKKAD', ''),
('11285', 'M', 'NIDHIN. V', 18080039, 5, NULL, '8078453033', 1, 2021, 'RATHNAKUMAR', '9562915979', 'VALLATH HOUSE, KOLPPADAM, THENKARA POST, MANNARKKAD', '');
INSERT INTO `student` (`admissionno`, `gender`, `name`, `regno`, `departmentid`, `email`, `mobile`, `batch`, `passoutyear`, `guardianname`, `parentmobile`, `address`, `bloodgroup`) VALUES
('11286', 'M', 'ARJUN K', 18080016, 5, NULL, '9188307045', 1, 2021, 'RAMAN K', '9447136045', 'KURUPPATH HOUSE, PUDUPPARIYARAM, P.O PALAKKAD - 678731', 'O+'),
('11287', 'M', 'MIDHUL . U', 18080035, 5, NULL, '9809323165', 1, 2021, 'UDAYAKUMAR . G', '9446293594', 'N.M. Nivas , Rajeev Colony, Eduppukulam PO ,Menonpara ,palakkad 678556', 'A+'),
('11288', 'M', 'RITHWIK . K.R', 18080042, 5, NULL, '8129997049 ', 1, 2021, 'RADHAKRISHNAN . K.R', '9946787825', 'KALLINGAL HOUSE, ODANUR PARLI POST, PALAKKAD 678612', 'B+'),
('11289', 'M', 'AKASH . A', 18150007, 2, NULL, '', 1, 2021, 'ARAVINDAN.K', '7902562661', 'THAZHATHE HOUSE KANNANUR KUZHALMANNAM PALAKKAD 678702', ''),
('11290', 'M', 'NIDHIN RAJ.K', 18150036, 2, NULL, '', 1, 2021, 'RAJAGOPALAN.K', '9446726631', 'KADAMBOTTIL, AZHIYANNUR POST, PALAKKAD', ''),
('11292', 'M', 'AJITH P', 18150006, 2, NULL, '', 1, 2021, 'MURALIDASAN', '9207654072', 'Pottiparakkal Nellikurussi Mulanhur po Palakkad', ''),
('11293', 'M', 'AVINESH. P', 18150018, 2, NULL, '', 1, 2021, 'PAMBA', '7510902145', 'VADAKKEPURA KUNDUPARAMBU KOTTAYI P.O. PALAKKAD', ''),
('11294', 'M', 'AKSHAYKUMAR. K', NULL, 4, NULL, '8943826228', 1, 2021, 'SREEKUMAR. K', '8089615920', 'KURUPPATH VEEDU PIRIVUSALA CHANDRANAGAR POST PALAKKAD', 'A +'),
('11296', 'M', 'KARTHIK S KUMAR', 18150027, 2, NULL, '', 1, 2021, 'SUNIL KUMAR B', '8714212203', 'Saradalayam, Keezhmadu, Erumathala P O, Aluva', ''),
('11297', 'M', 'RITHIQ PJ', NULL, 2, NULL, NULL, 1, 2021, 'JAYAN', '9447623028', 'parottil house ambalapady thenkara (p.o) Mannarkkad palakkad', NULL),
('11298', 'M', 'SIMEON . J', NULL, 2, NULL, '', 1, 2021, 'JESUDAS', '9446876199', '8/16,KALANDAR HOUSE,PAMPUPARA,CHANDRAPURAM(PO),PALAKKAD', ''),
('11299', 'F', 'ARATHI . R', 18150017, 2, NULL, '', 1, 2021, 'RAMACHANDRAN', '9961618597', 'ULUMBAKKAD HOUSE, KANNANUR POST, PALAKKAD.', ''),
('11300', 'M', 'ANTONY A S', 18150015, 2, NULL, '', 1, 2021, 'SEBASTIAN A A', '9495447674', 'ARAKKAL HOUSE ALUVASSERY NEMMARA PO PALAKKAD DT KERALA', ''),
('11301', 'M', 'JOY INNOCENT.T', NULL, 2, NULL, NULL, 1, 2021, 'THOMAS', '8606884459', 'PALLIKARUPPI VEEDU NALLUR KOZHIPPARA PO PALAKKAD', NULL),
('11302', 'M', 'AKSHAY . T.G', 18150009, 2, NULL, '', 1, 2021, 'GOPALAKRISHNAN . T.G', '9809867511', 'THALAPOTTA HOUSE MANKURUSSI POST MANKARA PALAKKAD', ''),
('11303', 'F', 'RANJUSHA T.R', 18150041, 2, NULL, '', 1, 2021, 'RAMACHANDRAN .T', '8086309777', 'THAZHATHETHIL HOUSE PERUR PO OTTAPALAM PALAKKAD 679302', ''),
('11304', 'M', 'YADHUKRISHNAN. V C', 18150062, 2, NULL, '', 1, 2021, 'CHANDRAN. V.K', '9526356913', 'VELLATTUTHODIYIL HOUSE, KARIMBANKUNNU, THENKARA PO, MANNARKKAD, PALAKKAD-DT', ''),
('11305', 'M', 'ABHIJITH . T.J', 18150001, 2, NULL, '', 1, 2021, 'JANARDHANAN', '9562195166', 'THAZHATHETHIL HOUSE THENUR PO PALAKKAD', ''),
('11306', 'M', 'SYAM.C', NULL, 2, NULL, NULL, 1, 2021, 'CHANDRAN', '8139837462', 'mangode tattamangalam (po) palakkad (ds)', NULL),
('11307', 'M', 'NAVEEN KRISHNA M V', NULL, 3, NULL, '', 1, 2021, 'RADHIKA M', '8907859252', 'KANNATHU VALAPPU METTUPALAYAM TATTAMANGALAM', ''),
('11308', 'M', 'AMBAREESH.G.M', 18150011, 2, NULL, '', 1, 2021, 'MALLIKA', '9142634440', 'Kizhakke veedu, thekke thara, marutharoad p.o , palakkad.', ''),
('11309', 'M', 'ABHIJITH.G.K', NULL, 1, NULL, NULL, 1, 2021, 'GOPALAKRISHNAN.K.P', '9605449034', 'KORACHAMKUNNUPARAMBIL PANAMANNA PO', NULL),
('11310', 'M', 'SHIBIN K GEORGE', NULL, 4, NULL, '9633278811', 1, 2021, 'GEORGE K M', '9605464985', 'KALLUZHATHIL HOUSE THACHAMPARA', 'O +'),
('11311', 'F', 'LALANA .K', NULL, 1, NULL, NULL, 1, 2021, 'CHANDRABABU .K', '8086450223', 'KARINKUZHIYIL HOUSE CHERUKATTUPULAM POST VANIYAMKULAM PALAKKAD DISTRICT KERALA', NULL),
('11313', 'M', 'ABDUL RAMSHEED. A', 18080001, 5, NULL, '7012878919', 1, 2021, 'ABDUL RASHEED. H', '9744694110', 'Fathima Manzil,West nagar,Vennakkara,Palakkad', 'A+'),
('11314', 'M', 'ASIF ALI.A', 18080020, 5, NULL, '9496445269', 1, 2021, 'S.ALI AHAMED', '9567505346', 'NEAR MARKET, COURT ROAD, ALATHUR P.O, PALAKKAD. 678541', 'O+'),
('11315', 'M', 'SUHAIB.K', 18080057, 5, NULL, '8848153473', 1, 2021, 'KALEEL RAHMAN', '9495290226', 'THAHASILDAR PAADAM,KOLLENGODE P.O,PALAKKAD', 'B+'),
('11316', 'M', 'MUHAMMED FAYIS .C', 18150034, 2, NULL, '', 1, 2021, 'ABOOBAKKER', '9846174540', 'cheerathadayan house, mukkannam,mannarkkad po, palakkad', ''),
('11317', 'M', 'ANSAL RAHMAN A', NULL, 2, NULL, NULL, 1, 2021, 'ANVAR BASHA M M', '8714342321', 'kolayikulambu house melekkad pudunagaram po palakkad', NULL),
('11318', 'M', 'VISHNU K', NULL, 3, NULL, '', 1, 2021, 'KRISHNANKUTTY', '9744244385', 'PARAKKAL HOUSE THAZHEMURALI INDUSTRIAL ESTATE PO ,PUDUPPARIYARAM ,PALAKKAD', ''),
('11319', 'M', 'AJAY KUMAR. N', NULL, 2, NULL, NULL, 1, 2021, 'RUGMINI.K.P', '9207477380', 'KUNTHIPADATH HOUSE KAINIKODE THENKARA PO MANNARKKAD PALAKKAD', NULL),
('11320', 'M', 'RAJEEV. M', NULL, 2, NULL, '', 1, 2021, 'MOHANAN. K', '7293328346', 'Kizhakke veedu thekkethara pudussery p.o palakkad', ''),
('11321', 'M', 'VISHNU NATH.S', 18150061, 2, NULL, '', 1, 2021, 'SWAMINATHAN.R', '9747516151', 'vathuvanpara kodumbu kodumbu(po) palakkad', ''),
('11322', 'M', 'SARATH .V . R', NULL, 2, NULL, NULL, 1, 2021, 'SANTHAKUMARI', '8086876342', 'Kizhakkumuri(ho) vadakkekoottalapadi edathara post palakkad', NULL),
('11323', 'M', 'P.A.SHALIN', NULL, 3, NULL, '8606387741', 1, 2021, 'ALEXANDER', '9895122885', 'PULIKOTTIL HOUSE ST THOMAS NAGAR KODUNTHIRAPULLY PO PALAKKAD', 'o+ve'),
('11324', 'M', 'AMRUTH. M', NULL, 4, NULL, '9072776071', 1, 2021, 'MOHANAN.M', '9349397370', 'MANAKKALKAD HOUSE, MANAKKALKADU, MALAMPUZHA P.O PALAKKAD', 'A +'),
('11325', 'F', 'SONA.S', 18150054, 2, NULL, '', 1, 2021, 'SIVAN', '9745645263', 'CHATHU VEEDU KOZHIPPARA KOZHIPPARA POST PALAKKAD', ''),
('11326', 'M', 'ARIF.H', NULL, 3, NULL, '8089859853', 1, 2021, 'HAMSA.K', '9947852001', 'BISMILLAH HOUSE, ANGAVALPARAMBA, AKATHETHARA P.O, AKATHETHARA PALAKKAD, 678008', 'A +'),
('11327', 'M', 'ROSHITH. K . M', 18150045, 2, NULL, '', 1, 2021, 'MOHANAKRISHNAN.K.R', '8157070031', 'MOHAN NIVAS KANJIRANI KALLADIKODE P O PALAKKAD-678596', ''),
('11328', 'M', 'SUDHIN KUMAR.R', 18080056, 5, NULL, '9567819148', 1, 2021, 'RAJAMANI.K', '9388711950', 'KAREKKAD, KARINGARAPULLY POST ,PALAKKAD,678551, KERALA', 'B+'),
('11329', 'M', 'SUDARSH S', NULL, 4, NULL, '', 1, 2021, 'SELVAN C', '9947587753', 'chami madam raghavapuram panayur po polpully palakkad', 'B +'),
('11330', 'M', 'PREJITH K', NULL, 2, NULL, NULL, 1, 2021, 'KUNJAN M', '9947614776', 'NELIYAMPPADAM HOUSE IHDP COLONY OLASSERY PO KODUMBA PALAKKAD', NULL),
('11331', 'M', 'SUDHEESH.K.', 18150056, 2, NULL, '', 1, 2021, 'BALASUBRAMANIAN', '7034597860', 'KALAPPARAMBIL HOUSE KADAMBUR PO AMBALAPARA OTTAPALAM PALAKKAD', ''),
('11332', 'M', 'SANESH . S', 18150048, 2, NULL, '', 1, 2021, 'SATHEESAN.S', '8921988916', 'KUNNAMPULLY HOUSE, PANANGATTIRI PO, PALAKKAD', ''),
('11333', 'M', 'AMAL IBRAHIM S', 18150010, 2, NULL, '', 1, 2021, 'SULTHAN HAMMED', '9847764335', 'PALLITHODI HOUSE KARIPALI PO PATTANCHERY PALAKKAD', ''),
('11334', 'F', 'VINSHA.M.V', 18080059, 5, NULL, '8086713588', 1, 2021, 'VIJAYAKUMAR', '8086713588', 'MOZHIKUNNAM HOUSE, NOCHIPPULLY POST PALAKKAD 678592', ''),
('11335', 'F', 'AKHILA.B', 18080011, 5, NULL, '9544084081', 1, 2021, 'BALAN.P.C', '9544084081', 'Pazhayakalam, Chithali,PO Palakkad 678702', 'O+'),
('11202', 'M', 'ANANDU PRAVEEN.G', NULL, 4, NULL, '8943650715', 1, 2021, 'GURUMANI.L', '9544013850', 'MULLARITHODI HOUSE, KARIYAMKODE PO, KOTTAYI, PALAKKAD', 'AB +'),
('6209', 'M', 'RATHEESH.T', NULL, 3, '', '', 1, 0, '', NULL, NULL, NULL),
('17020625', 'M', 'SREEKANTH S', NULL, 6, 'sreekantharos@gmail.com', '8157041658', 1, 0, '', NULL, NULL, NULL),
('9160', 'M', 'ARUN K', NULL, 6, 'abillu17@gmail.com', '7558074088', 1, 0, '', NULL, NULL, NULL),
('6548', 'M', 'SIVADASAN.E.C', NULL, 1, '', '8547109089', 1, 0, '', NULL, NULL, NULL),
('11381', 'M', 'SUDEVAN KUTTIPURATH', NULL, 1, 'sudevank@gmail.com', '7200668804', 1, 0, '', NULL, NULL, NULL),
('7385', 'M', 'SAJAN POULOSE', NULL, 6, '', '9605732677', 1, 0, '', NULL, NULL, NULL),
('11140', 'M', '', 18010562, 0, NULL, '', 1, 0, '', '9846532299', 'mangattu parambil ho,cherukudangap po,pallipuram pattambi', 'o+ve'),
('11338', 'M', '', 18150063, 0, NULL, '', 1, 0, '', '9048713565', 'PUTHAN HOUSE , CHOZHIYAKKAD , PATTANCHERRY , VANDITHAVALAM , PALAKKAD', ''),
('11340', 'M', '', 18150016, 0, NULL, '', 1, 0, '', '8086261973', 'THEKKEVEEDU, KARUMIYAMKODE, ELLAPULLY PO, PALAKKAD', ''),
('11336', 'M', '', 18150026, 0, NULL, '', 1, 0, '', '9809860668', 'vasantha nivas pulikkad thenari po palakkad', ''),
('11343', 'M', '', 18150049, 0, NULL, '', 1, 0, '', '9846924284', 'thankam nivas, nattukal(po), palakkad', ''),
('11337', 'M', '', 18150051, 0, NULL, '', 1, 0, '', '7902973568', '24/4(2) PINNAKKUKULAMBU,TATTAMANGALAM P O PALAKKAD', ''),
('727', 'M', 'ARJUN M V', NULL, 1, 'ARJUNMV606@GMAIL.COM', '9048112924', 1, 0, '', NULL, NULL, NULL),
('7223', 'M', 'SUDHEESH CK', NULL, 1, 'Sudheeshck413@gmail.com', '8943627617', 1, 0, '', NULL, NULL, NULL),
('9396', 'M', 'MOHAMMEDSHAFI I', NULL, 4, 'shafikozhikkad@gmail.com', '8943424261', 1, 0, '', NULL, NULL, NULL),
('9268', 'M', 'NABEEL PZ', NULL, 4, 'nabeelzainudheen313@gmail.com', '9567455703', 1, 0, '', NULL, NULL, NULL),
('15040410', 'M', 'MAYA.M', NULL, 3, 'lachumaya007@gmail.com', '9562473936', 1, 0, '', NULL, NULL, NULL);

-- --------------------------------------------------------

--
-- Table structure for table `users`
--

CREATE TABLE `users` (
  `email` varchar(50) NOT NULL,
  `password` varchar(100) NOT NULL,
  `usertype` varchar(10) NOT NULL DEFAULT 'public'
) ENGINE=MyISAM DEFAULT CHARSET=latin1;

--
-- Dumping data for table `users`
--

INSERT INTO `users` (`email`, `password`, `usertype`) VALUES
('academic@gptcpalakkad.ac.in', 'academic@123', 'academic'),
('records@gptcpalakkad.ac.in', '123', 'public'),
('athul@gptcpalakkad.ac.in', '408', 'public'),
('nasrin@gptcpalakkad.ac.in', '234', 'admin');

-- --------------------------------------------------------

--
-- Stand-in structure for view `view_loc`
-- (See below for the actual view)
--
CREATE TABLE `view_loc` (
`id` int(11)
,`filenumber` int(11)
,`year` int(11)
,`section` varchar(5)
,`subject` varchar(100)
,`date` date
,`name` varchar(100)
,`tag` text
,`bundlenumber` int(11)
,`location` varchar(20)
);

-- --------------------------------------------------------

--
-- Structure for view `rec_details`
--
DROP TABLE IF EXISTS `rec_details`;

CREATE ALGORITHM=UNDEFINED DEFINER=`root`@`localhost` SQL SECURITY DEFINER VIEW `rec_details`  AS  select `rec_record_master`.`id` AS `id`,`rec_record_master`.`filenumber` AS `filenumber`,`rec_record_master`.`year` AS `year`,`rec_record_master`.`section` AS `section`,`rec_record_master`.`subject` AS `subject`,`rec_record_master`.`ddate` AS `date`,`rec_person`.`name` AS `name`,group_concat(`rec_tags`.`tag` separator ',') AS `tag` from ((`rec_record_master` left join `rec_person` on((`rec_record_master`.`personid` = `rec_person`.`id`))) join `rec_tags` on((`rec_record_master`.`id` = `rec_tags`.`recordid`))) group by `rec_record_master`.`id` ;

-- --------------------------------------------------------

--
-- Structure for view `view_loc`
--
DROP TABLE IF EXISTS `view_loc`;

CREATE ALGORITHM=UNDEFINED DEFINER=`root`@`localhost` SQL SECURITY DEFINER VIEW `view_loc`  AS  select `rec_details`.`id` AS `id`,`rec_details`.`filenumber` AS `filenumber`,`rec_details`.`year` AS `year`,`rec_details`.`section` AS `section`,`rec_details`.`subject` AS `subject`,`rec_details`.`date` AS `date`,`rec_details`.`name` AS `name`,`rec_details`.`tag` AS `tag`,`rec_bundle_record`.`bundlenumber` AS `bundlenumber`,`rec_location_master`.`location` AS `location` from ((`rec_details` left join `rec_bundle_record` on((`rec_details`.`id` = `rec_bundle_record`.`recordid`))) left join `rec_location_master` on((`rec_bundle_record`.`bundlenumber` = `rec_location_master`.`bundle_number`))) ;

--
-- Indexes for dumped tables
--

--
-- Indexes for table `department`
--
ALTER TABLE `department`
  ADD PRIMARY KEY (`departmentid`);

--
-- Indexes for table `rec_bundle_record`
--
ALTER TABLE `rec_bundle_record`
  ADD UNIQUE KEY `recordnumber` (`recordid`);

--
-- Indexes for table `rec_location_master`
--
ALTER TABLE `rec_location_master`
  ADD PRIMARY KEY (`bundle_number`);

--
-- Indexes for table `rec_person`
--
ALTER TABLE `rec_person`
  ADD PRIMARY KEY (`id`);

--
-- Indexes for table `rec_record_master`
--
ALTER TABLE `rec_record_master`
  ADD PRIMARY KEY (`id`),
  ADD UNIQUE KEY `section` (`section`,`filenumber`,`year`,`subject`,`personid`,`category`,`pages`,`ddate`),
  ADD KEY `personid` (`personid`);

--
-- Indexes for table `rec_tags`
--
ALTER TABLE `rec_tags`
  ADD KEY `recordid` (`recordid`);

--
-- Indexes for table `student`
--
ALTER TABLE `student`
  ADD PRIMARY KEY (`admissionno`),
  ADD UNIQUE KEY `regno` (`regno`);

--
-- Indexes for table `users`
--
ALTER TABLE `users`
  ADD PRIMARY KEY (`email`);

--
-- AUTO_INCREMENT for dumped tables
--

--
-- AUTO_INCREMENT for table `rec_person`
--
ALTER TABLE `rec_person`
  MODIFY `id` int(11) NOT NULL AUTO_INCREMENT;
--
-- AUTO_INCREMENT for table `rec_record_master`
--
ALTER TABLE `rec_record_master`
  MODIFY `id` int(11) NOT NULL AUTO_INCREMENT;
--
-- Constraints for dumped tables
--

--
-- Constraints for table `rec_bundle_record`
--
ALTER TABLE `rec_bundle_record`
  ADD CONSTRAINT `rec_bundle_record_ibfk_1` FOREIGN KEY (`recordid`) REFERENCES `rec_record_master` (`id`) ON DELETE CASCADE ON UPDATE NO ACTION;

--
-- Constraints for table `rec_tags`
--
ALTER TABLE `rec_tags`
  ADD CONSTRAINT `rec_tags_ibfk_1` FOREIGN KEY (`recordid`) REFERENCES `rec_record_master` (`id`) ON DELETE CASCADE ON UPDATE CASCADE;

/*!40101 SET CHARACTER_SET_CLIENT=@OLD_CHARACTER_SET_CLIENT */;
/*!40101 SET CHARACTER_SET_RESULTS=@OLD_CHARACTER_SET_RESULTS */;
/*!40101 SET COLLATION_CONNECTION=@OLD_COLLATION_CONNECTION */;
